id,title,original_title,release_date,popularity,vote_average,vote_count,overview,poster_path,backdrop_path,original_language,genre_ids
1233069,Exterritorial,Exterritorial,2025-04-29,505.1585,6.7,231,"When her son vanishes inside a US consulate, ex-special forces soldier Sara does everything in her power to find him — and uncovers a dark conspiracy.",https://image.tmdb.org/t/p/w500/jM2uqCZNKbiyStyzXOERpMqAbdx.jpg,https://image.tmdb.org/t/p/w500/bVm6udIB6iKsRqgMdQh6HywuEBj.jpg,de,"53, 28"
1241436,Warfare,Warfare,2025-04-09,436.2016,7.205,146,"A platoon of Navy SEALs embarks on a dangerous mission in Ramadi, Iraq, with the chaos and brotherhood of war retold through their memories of the event.",https://image.tmdb.org/t/p/w500/j8tqBXwH2PxBPzbtO19BTF9Ukbf.jpg,https://image.tmdb.org/t/p/w500/cJvUJEEQ86LSjl4gFLkYpdCJC96.jpg,en,"10752, 28"
986056,Thunderbolts*,Thunderbolts*,2025-04-30,417.2589,7.544,621,"After finding themselves ensnared in a death trap, seven disillusioned castoffs must embark on a dangerous mission that will force them to confront the darkest corners of their pasts.",https://image.tmdb.org/t/p/w500/m9EtP1Yrzv6v7dMaC9mRaGhd1um.jpg,https://image.tmdb.org/t/p/w500/rthMuZfFv4fqEU4JVbgSW9wQ8rs.jpg,en,"28, 12, 878"
1197306,A Working Man,A Working Man,2025-03-26,363.5091,6.508,589,"Levon Cade left behind a decorated military career in the black ops to live a simple life working construction. But when his boss's daughter, who is like family to him, is taken by human traffickers, his search to bring her home uncovers a world of corruption far greater than he ever could have imagined.",https://image.tmdb.org/t/p/w500/6FRFIogh3zFnVWn7Z6zcYnIbRcX.jpg,https://image.tmdb.org/t/p/w500/fTrQsdMS2MUw00RnzH0r3JWHhts.jpg,en,"28, 80, 53"
710258,Rust,Rust,2025-05-01,302.2244,6.441,34,"Infamous outlaw Harland Rust breaks his estranged grandson Lucas out of prison, after Lucas is convicted to hang for an accidental murder. The two must outrun legendary U.S Marshal Wood Helm and bounty hunter Fenton ""Preacher"" Lang who are hot on their tails. Deeply buried secrets rise from the ashes and an unexpected familial bond begins to form as the mismatched duo tries to survive the merciless American Frontier.",https://image.tmdb.org/t/p/w500/tbJ3RkA2s6X5qrBzrYHYTxvDBui.jpg,https://image.tmdb.org/t/p/w500/12tEzU0bNYKIjXXEwI5abuOotHF.jpg,en,37
950387,A Minecraft Movie,A Minecraft Movie,2025-03-31,276.6921,6.169,840,"Four misfits find themselves struggling with ordinary problems when they are suddenly pulled through a mysterious portal into the Overworld: a bizarre, cubic wonderland that thrives on imagination. To get back home, they'll have to master this world while embarking on a magical quest with an unexpected, expert crafter, Steve.",https://image.tmdb.org/t/p/w500/iPPTGh2OXuIv6d7cwuoPkw8govp.jpg,https://image.tmdb.org/t/p/w500/2Nti3gYAX513wvhp8IiLL6ZDyOm.jpg,en,"10751, 35, 12, 14"
668489,Havoc,Havoc,2025-04-24,238.6355,6.6,547,"When a drug heist swerves lethally out of control, a jaded cop fights his way through a corrupt city's criminal underworld to save a politician's son.",https://image.tmdb.org/t/p/w500/r46leE6PSzLR3pnVzaxx5Q30yUF.jpg,https://image.tmdb.org/t/p/w500/65MVgDa6YjSdqzh7YOA04mYkioo.jpg,en,"28, 80, 53"
37135,Tarzan,Tarzan,1999-06-18,242.8597,7.4,6923,"Tarzan was a small orphan who was raised by an ape named Kala since he was a child. He believed that this was his family, but on an expedition Jane Porter is rescued by Tarzan. He then finds out that he's human. Now Tarzan must make the decision as to which family he should belong to...",https://image.tmdb.org/t/p/w500/bTvHlcqiOjGa3lFtbrTLTM3zasY.jpg,https://image.tmdb.org/t/p/w500/86z1Yrwj7yN1xehSa0gIwHnR7xl.jpg,en,"10751, 12, 16, 18"
822119,Captain America: Brave New World,Captain America: Brave New World,2025-02-12,212.8605,6.148,1759,"After meeting with newly elected U.S. President Thaddeus Ross, Sam finds himself in the middle of an international incident. He must discover the reason behind a nefarious global plot before the true mastermind has the entire world seeing red.",https://image.tmdb.org/t/p/w500/pzIddUEMWhWzfvLI3TwxUG2wGoi.jpg,https://image.tmdb.org/t/p/w500/8eifdha9GQeZAkexgtD45546XKx.jpg,en,"28, 53, 878"
1144430,Last Bullet,Balle perdue 3,2025-05-06,360.8958,7.481,27,Car genius Lino returns to conclude his vendetta against Areski and the corrupt commander who ruined their lives in this turbo-charged trilogy finale.,https://image.tmdb.org/t/p/w500/qycPITRqXgPai7zj1gKffjCdSB5.jpg,https://image.tmdb.org/t/p/w500/4A5HH9HkCPqAwyYL6CnA0mxbYjn.jpg,fr,"28, 80, 53"
324544,In the Lost Lands,In the Lost Lands,2025-02-27,186.644,6.339,339,"A queen sends the powerful and feared sorceress Gray Alys to the ghostly wilderness of the Lost Lands in search of a magical power, where she and her guide, the drifter Boyce, must outwit and outfight both man and demon.",https://image.tmdb.org/t/p/w500/dDlfjR7gllmr8HTeN6rfrYhTdwX.jpg,https://image.tmdb.org/t/p/w500/op3qmNhvwEvyT7UFyPbIfQmKriB.jpg,en,"28, 14, 12"
1225915,Jewel Thief: The Heist Begins,ज्वेल थीफ: द हीस्ट बिगिन्स,2025-04-25,186.4233,6.7,35,"In this high-octane battle of wits and wills, ingenious con artist Rehan devises a diamond heist while trying to outsmart Rajan, his sadistic adversary.",https://image.tmdb.org/t/p/w500/eujLbO0kf1eqWC8XpHUJdtAVW2J.jpg,https://image.tmdb.org/t/p/w500/kFXtAwJYbRTqiyQpE9kDc8qEP3X.jpg,hi,"28, 53"
1153714,Death of a Unicorn,Death of a Unicorn,2025-03-27,198.8344,6.4,172,"A father and daughter accidentally hit and kill a unicorn while en route to a weekend retreat, where his billionaire boss seeks to exploit the creature’s miraculous curative properties.",https://image.tmdb.org/t/p/w500/lXR32JepFwD1UHkplWqtBP1K79z.jpg,https://image.tmdb.org/t/p/w500/eDBZN0TbWkxoAB0qIDFagVcPPTN.jpg,en,"27, 14, 35, 12"
974573,Another Simple Favor,Another Simple Favor,2025-03-07,159.7246,6.2,185,"Stephanie and Emily reunite on the beautiful island of Capri, Italy for Emily's extravagant wedding to a rich Italian businessman. Along with the glamorous guests, expect murder and betrayal to RSVP for a wedding with more twists and turns than the road from the Marina Grande to the Capri town square.",https://image.tmdb.org/t/p/w500/zboCGZ4aIqPMd7VFI4HWnmc7KYJ.jpg,https://image.tmdb.org/t/p/w500/z3edlTX9YDBrVMoYupMsc8qdiUw.jpg,en,"53, 35, 80"
1471014,Van Gogh by Vincent,Van Gogh by Vincent,2025-03-26,145.0194,6.4,14,"In a career that lasted only ten years, Vincent Van Gogh painted one subject more than any other: himself. This is the story of Vincent told using eight of his most iconic self-portraits.",https://image.tmdb.org/t/p/w500/z73X4WKZghBh5fri31o8P6vBEB2.jpg,https://image.tmdb.org/t/p/w500/1AWjIUgbZYaKbwUH5qoJaKCcRkf.jpg,fr,99
1233413,Sinners,Sinners,2025-04-16,149.8042,7.571,618,"Trying to leave their troubled lives behind, twin brothers return to their hometown to start again, only to discover that an even greater evil is waiting to welcome them back.",https://image.tmdb.org/t/p/w500/jYfMTSiFFK7ffbY2lay4zyvTkEk.jpg,https://image.tmdb.org/t/p/w500/nAxGnGHOsfzufThz20zgmRwKur3.jpg,en,"28, 27, 53"
497698,Black Widow,Black Widow,2021-07-07,139.9633,7.208,10510,"Natasha Romanoff, also known as Black Widow, confronts the darker parts of her ledger when a dangerous conspiracy with ties to her past arises. Pursued by a force that will stop at nothing to bring her down, Natasha must deal with her history as a spy and the broken relationships left in her wake long before she became an Avenger.",https://image.tmdb.org/t/p/w500/kwB7d51AIcyzPOBOHLCEZJkmPhQ.jpg,https://image.tmdb.org/t/p/w500/6azpBJGcLx9SKif8h9VMnflBfa.jpg,en,"28, 12, 878"
1414048,Day of Reckoning,Day of Reckoning,2025-03-28,132.6639,6.706,17,"Put-upon lawman John Dorsey is on the verge of losing his wife and his job as sheriff, so he posses up with bullish U.S. Marshall Butch Hayden to hold outlaw Emily Rusk hostage. A battle of wills ensues as Emily turns the posse on themselves, but as her marauding husband and his gang approach, Emily and John realize they will need each other to survive.",https://image.tmdb.org/t/p/w500/cVSjSQryFUERYSdOmdgJ2m0eBte.jpg,https://image.tmdb.org/t/p/w500/1hBtO9tXP60IFBZD27OsbaBmxs5.jpg,en,"37, 28"
1356236,Saint Catherine,Saint Catherine,2024-09-24,148.1451,6.239,23,An orphaned girl is rescued from a satanic ritual and taken to Saint Catherine Institute for homeless youth. There she will learn new skills while facing demons that stalk her.,https://image.tmdb.org/t/p/w500/hBJdzKPeDaC96AzlrtMWBomYSZV.jpg,https://image.tmdb.org/t/p/w500/svLj9iyRmmeNVRsMreANn7DPPZE.jpg,en,27
1124620,The Monkey,The Monkey,2025-02-14,137.3053,5.901,583,"When twin brothers find a mysterious wind-up monkey, a series of outrageous deaths tear their family apart. Twenty-five years later, the monkey begins a new killing spree forcing the estranged brothers to confront the cursed toy.",https://image.tmdb.org/t/p/w500/yYa8Onk9ow7ukcnfp2QWVvjWYel.jpg,https://image.tmdb.org/t/p/w500/6dC7ULfiutxwEAs7LjWHL2Tc7Zv.jpg,en,"27, 35"
299537,Captain Marvel,Captain Marvel,2019-03-06,120.2694,6.8,16012,"The story follows Carol Danvers as she becomes one of the universe’s most powerful heroes when Earth is caught in the middle of a galactic war between two alien races. Set in the 1990s, Captain Marvel is an all-new adventure from a previously unseen period in the history of the Marvel Cinematic Universe.",https://image.tmdb.org/t/p/w500/AtsgWhDnHTq68L0lLsUrCnM7TjG.jpg,https://image.tmdb.org/t/p/w500/qAzYK4YPSWDc7aa4R43LcwRIAyb.jpg,en,"28, 12, 878"
1180906,Desert Dawn,Desert Dawn,2025-05-15,109.9526,0.0,0,A newly appointed small-town sheriff and his begrudging deputy get tangled up in a web of lies and corruption involving shady businessmen and the cartel while investigating the murder of a mysterious woman.,https://image.tmdb.org/t/p/w500/S21BfLrJSD9njucBfY3CKqp8rD.jpg,https://image.tmdb.org/t/p/w500/bFmziv84NfEVEGTK8c6EVY3bxve.jpg,en,"28, 80, 9648, 53"
1136721,The Glenarma Tapes,The Glenarma Tapes,2024-04-02,120.6564,7.111,9,In Spring 2020 when five students and two faculty members from the Mid Ulster College of Art go missing in a forest on the north coast of Ireland. What happened on the day they disappeared has remained a mystery - until now.,https://image.tmdb.org/t/p/w500/m0kojZkP1vcK9F8XSWfw9haJHKz.jpg,https://image.tmdb.org/t/p/w500/nyZjhvcmeXcr8H2Xx6JzKEAxPph.jpg,en,27
297762,Wonder Woman,Wonder Woman,2017-05-30,98.4806,7.217,20200,An Amazon princess comes to the world of Man in the grips of the First World War to confront the forces of evil and bring an end to human conflict.,https://image.tmdb.org/t/p/w500/v4ncgZjG2Zu8ZW5al1vIZTsSjqX.jpg,https://image.tmdb.org/t/p/w500/AaABt75ZzfMGrscUR2seabz4PEX.jpg,en,"28, 12, 14"
1276073,Bullet Train Explosion,新幹線大爆破,2025-04-23,102.2618,6.9,150,"When panic erupts on a Tokyo-bound bullet train that will explode if it slows below 100 kph, authorities race against time to save everyone on board.",https://image.tmdb.org/t/p/w500/jmzxlDBwgvRbpPJzNQwizyn9UEn.jpg,https://image.tmdb.org/t/p/w500/Zes06xI18u47pblwRGTtqRm0R8.jpg,ja,"28, 53, 80, 18"
335984,Blade Runner 2049,Blade Runner 2049,2017-10-04,89.6182,7.58,14100,"Thirty years after the events of the first film, a new blade runner, LAPD Officer K, unearths a long-buried secret that has the potential to plunge what's left of society into chaos. K's discovery leads him on a quest to find Rick Deckard, a former LAPD blade runner who has been missing for 30 years.",https://image.tmdb.org/t/p/w500/gajva2L0rPYkEWjzgFlBXCAVBE5.jpg,https://image.tmdb.org/t/p/w500/bMdSmfI0qwpAkvhAL7sqpjmwgf4.jpg,en,"878, 18"
302946,The Accountant,The Accountant,2016-10-03,96.7883,7.1,6525,"As a math savant uncooks the books for a new client, the Treasury Department closes in on his activities and the body count starts to rise.",https://image.tmdb.org/t/p/w500/fceheXB5fC4WrLVuWJ6OZv9FXYr.jpg,https://image.tmdb.org/t/p/w500/dTGECn8He16tZeBHQTLf6rVydE8.jpg,en,"80, 53, 18"
1249213,Drop,Drop,2025-04-10,93.5279,6.555,263,"Violet, a widowed mother on her first date in years, arrives at an upscale restaurant where she is relieved that her date, Henry, is more charming and handsome than she expected. But their chemistry begins to curdle as Violet begins being irritated and then terrorized by a series of anonymous drops to her phone.",https://image.tmdb.org/t/p/w500/dS2S5lpfgRIRQOb7LDCjNsQqKjp.jpg,https://image.tmdb.org/t/p/w500/2CcMG34v4PCynvxwmBUwVtNqsKL.jpg,en,"9648, 53"
1241982,Moana 2,Moana 2,2024-11-21,105.2321,7.078,2327,"After receiving an unexpected call from her wayfinding ancestors, Moana journeys alongside Maui and a new crew to the far seas of Oceania and into dangerous, long-lost waters for an adventure unlike anything she's ever faced.",https://image.tmdb.org/t/p/w500/aLVkiINlIeCkcZIzb7XHzPYgO6L.jpg,https://image.tmdb.org/t/p/w500/zo8CIjJ2nfNOevqNajwMRO6Hwka.jpg,en,"16, 12, 10751, 35"
1403735,Laila,లైలా,2025-02-14,104.3369,5.0,3,"Sonu Model, a renowned beautician from the old city, is forced to disguise himself as Laila, leading to a series of comedic, romantic, and action-packed events. Chaos ensues in this hilarious laugh riot",https://image.tmdb.org/t/p/w500/l4gsNxFPGpzbq0D6QK1a8vO1lBz.jpg,https://image.tmdb.org/t/p/w500/vNUwK5P42m81uG57kKI1WxSZwIQ.jpg,te,"35, 10749"
1092899,The Siege,The Siege,2023-03-10,90.6336,5.448,48,"International assassin Walker is compromised during a mission and sent to a reassignment center for a new identity. During his stay at the facility, a ruthless assault team storms the compound searching for someone their boss has lost. Walker begrudgingly falls in with skilled hitwoman Elda and her mysterious ward Juliet in order to survive the night.",https://image.tmdb.org/t/p/w500/hVh4hMzkXNLnScudbid6hDvjMPk.jpg,https://image.tmdb.org/t/p/w500/4eC0tsU9OxR3Adlo1yRJYUDraW9.jpg,en,"28, 53"
974576,Conclave,Conclave,2024-10-25,112.7404,7.199,2355,"After the unexpected death of the Pope, Cardinal Lawrence is tasked with managing the covert and ancient ritual of electing a new one. Sequestered in the Vatican with the Catholic Church’s most powerful leaders until the process is complete, Lawrence finds himself at the center of a conspiracy that could lead to its downfall.",https://image.tmdb.org/t/p/w500/l4WXg5oQPK6GVlISKQNIUGb8rKJ.jpg,https://image.tmdb.org/t/p/w500/1YMrOtrW7b4pL2lfD8UciZPOJGs.jpg,en,"18, 53, 9648"
1307520,The Biggest Fan,La más fan,2025-05-01,86.5228,4.769,13,"Canceled in Hollywood, star Lana Cruz heads to her hometown for a comeback. Enter Polly, her fan-turned-frenemy. Can Lana dodge drama and reclaim her fame?",https://image.tmdb.org/t/p/w500/wgUmsekYPOt9ZQ8ero91qRnmhQY.jpg,https://image.tmdb.org/t/p/w500/iznPd7PLnCBA1G50M4DuA9wvCIy.jpg,es,35
1195506,Novocaine,Novocaine,2025-03-12,85.9556,6.92,701,"When the girl of his dreams is kidnapped, everyman Nate turns his inability to feel pain into an unexpected strength in his fight to get her back.",https://image.tmdb.org/t/p/w500/xmMHGz9dVRaMY6rRAlEX4W0Wdhm.jpg,https://image.tmdb.org/t/p/w500/sNx1A3822kEbqeUxvo5A08o4N7o.jpg,en,"28, 35, 53"
1045938,G20,G20,2025-04-10,82.1321,6.57,459,"After the G20 Summit is overtaken by terrorists, President Danielle Sutton must bring all her statecraft and military experience to defend her family and her fellow leaders.",https://image.tmdb.org/t/p/w500/wv6oWAleCJZUk5htrGg413t3GCy.jpg,https://image.tmdb.org/t/p/w500/k32XKMjmXMGeydykD32jfER3BVI.jpg,en,"28, 9648, 18"
762509,Mufasa: The Lion King,Mufasa: The Lion King,2024-12-18,81.9831,7.411,2069,"Mufasa, a cub lost and alone, meets a sympathetic lion named Taka, the heir to a royal bloodline. The chance meeting sets in motion an expansive journey of a group of misfits searching for their destiny.",https://image.tmdb.org/t/p/w500/lurEK87kukWNaHd0zYnsi3yzJrs.jpg,https://image.tmdb.org/t/p/w500/oHPoF0Gzu8xwK4CtdXDaWdcuZxZ.jpg,en,"12, 10751, 16"
870028,The Accountant²,The Accountant²,2025-04-23,74.7749,7.237,139,"When an old acquaintance is murdered, Wolff is compelled to solve the case. Realizing more extreme measures are necessary, Wolff recruits his estranged and highly lethal brother, Brax, to help. In partnership with Marybeth Medina, they uncover a deadly conspiracy, becoming targets of a ruthless network of killers who will stop at nothing to keep their secrets buried.",https://image.tmdb.org/t/p/w500/kMDUS7VmFhb2coRfVBoGLR8ADBt.jpg,https://image.tmdb.org/t/p/w500/rdxdvXQGqCj2Vb7SvTL8gdxlSzI.jpg,en,"80, 53, 28"
939243,Sonic the Hedgehog 3,Sonic the Hedgehog 3,2024-12-19,76.1671,7.725,2513,"Sonic, Knuckles, and Tails reunite against a powerful new adversary, Shadow, a mysterious villain with powers unlike anything they have faced before. With their abilities outmatched in every way, Team Sonic must seek out an unlikely alliance in hopes of stopping Shadow and protecting the planet.",https://image.tmdb.org/t/p/w500/d8Ryb8AunYAuycVKDp5HpdWPKgC.jpg,https://image.tmdb.org/t/p/w500/zOpe0eHsq0A2NvNyBbtT6sj53qV.jpg,en,"28, 878, 35, 10751"
1125880,Swarm,Rój,2023-05-11,60.5704,4.5,2,"A secluded island somewhere on a seas of the Northern Europe. A family of four has lived here for over ten years, perfecting the art of survival. They had moved onto an island to escape a falling civilization, to live in freedom, close to nature.  But, things can’t be solved by simply escaping the world, and problems arise when the Mother becomes pregnant again. Moreover, Winter is coming. It seems the only solution is in leaving the island, but this meets with stern dissent from the Father, who sees the place as the only safe haven on earth. Will the others find the courage to stand up to the Father? Can their family survive what comes next?",https://image.tmdb.org/t/p/w500/6Cmu2RgUd7u5Bk8AaKZktLbxMbW.jpg,https://image.tmdb.org/t/p/w500/q2DZEtjm6ZXqy43nnWVzkP59EBk.jpg,pl,18
496243,Parasite,기생충,2019-05-30,61.3,8.5,19010,"All unemployed, Ki-taek's family takes peculiar interest in the wealthy and glamorous Parks for their livelihood until they get entangled in an unexpected incident.",https://image.tmdb.org/t/p/w500/7IiTTgloJzvGI1TAYymCfbfl3vT.jpg,https://image.tmdb.org/t/p/w500/hiKmpZMGZsrkA3cdce8a7Dpos1j.jpg,ko,"35, 53, 18"
348,Alien,Alien,1979-05-25,40.8166,8.163,15252,"During its return to the earth, commercial spaceship Nostromo intercepts a distress signal from a distant planet. When a three-member team of the crew discovers a chamber containing thousands of eggs on the planet, a creature inside one of the eggs attacks an explorer. The entire crew is unaware of the impending nightmare set to descend upon them when the alien parasite planted inside its unfortunate host is birthed.",https://image.tmdb.org/t/p/w500/vfrQk5IPloGg1v9Rzbh2Eg3VGyM.jpg,https://image.tmdb.org/t/p/w500/hdHIjZxq3SWFqpAz4NFhdbud0iz.jpg,en,"27, 878"
678512,Sound of Freedom,Sound of Freedom,2023-07-03,52.3307,8.0,2535,"The story of Tim Ballard, a former US government agent, who quits his job in order to devote his life to rescuing children from global sex traffickers.",https://image.tmdb.org/t/p/w500/kSf9svfL2WrKeuK8W08xeR5lTn8.jpg,https://image.tmdb.org/t/p/w500/P3GAbRjzVo9RKU4WxzvtgwlITc.jpg,en,"28, 18"
950396,The Gorge,The Gorge,2025-02-13,62.6714,7.7,2533,"Two highly trained operatives grow close from a distance after being sent to guard opposite sides of a mysterious gorge. When an evil below emerges, they must work together to survive what lies within.",https://image.tmdb.org/t/p/w500/7iMBZzVZtG0oBug4TfqDb9ZxAOa.jpg,https://image.tmdb.org/t/p/w500/9nhjGaFLKtddDPtPaX5EmKqsWdH.jpg,en,"10749, 878, 53"
1293286,Gunslingers,Gunslingers,2025-04-11,57.5197,6.429,49,"When the most wanted man in America surfaces in a small Kentucky town, his violent history -- and a blood-thirsty mob seeking vengeance and a king’s ransom -- soon follow. As brothers face off against one another and bullets tear the town to shreds, this lightning-fast gunslinger makes his enemies pay the ultimate price for their greed.",https://image.tmdb.org/t/p/w500/O7REXWPANWXvX2jhQydHjAq2DV.jpg,https://image.tmdb.org/t/p/w500/zksO4lVnRKRoaSYzh2EDn2Z3Pel.jpg,en,"37, 28"
436969,The Suicide Squad,The Suicide Squad,2021-07-28,58.1903,7.489,8875,"Supervillains Harley Quinn, Bloodsport, Peacemaker and a collection of nutty cons at Belle Reve prison join the super-secret, super-shady Task Force X as they are dropped off at the remote, enemy-infused island of Corto Maltese.",https://image.tmdb.org/t/p/w500/q61qEyssk2ku3okWICKArlAdhBn.jpg,https://image.tmdb.org/t/p/w500/rAgsOIhqRS6tUthmHoqnqh9PIAE.jpg,en,"28, 35, 12"
1010581,My Fault,Culpa mía,2023-06-08,61.8453,7.816,3673,"Noah must leave her city, boyfriend, and friends to move into William Leister's mansion, the flashy and wealthy husband of her mother Rafaela. As a proud and independent 17 year old, Noah resists living in a mansion surrounded by luxury. However, it is there where she meets Nick, her new stepbrother, and the clash of their strong personalities becomes evident from the very beginning.",https://image.tmdb.org/t/p/w500/w46Vw536HwNnEzOa7J24YH9DPRS.jpg,https://image.tmdb.org/t/p/w500/oz4U9eA6ilYf1tyiVuGmkftdLac.jpg,es,"10749, 18"
574475,Final Destination Bloodlines,Final Destination Bloodlines,2025-05-09,63.3385,6.9,9,"Plagued by a violent recurring nightmare, college student Stefanie heads home to track down the one person who might be able to break the cycle and save her family from the grisly demise that inevitably awaits them all.",https://image.tmdb.org/t/p/w500/cAoktVUBhGyULRoxV6mZ2LB3x7I.jpg,https://image.tmdb.org/t/p/w500/7wKnf6ILtRmKXV8eJWk0P6ZXnQ.jpg,en,"27, 9648"
575265,Mission: Impossible - The Final Reckoning,Mission: Impossible - The Final Reckoning,2025-05-17,62.0192,0.0,0,"Ethan Hunt and the IMF team continue their search for the terrifying AI known as the Entity — which has infiltrated intelligence networks all over the globe — with the world's governments and a mysterious ghost from Ethan's past on their trail. Joined by new allies and armed with the means to shut the Entity down for good, Hunt is in a race against time to prevent the world as we know it from changing forever.",https://image.tmdb.org/t/p/w500/z53D72EAOxGRqdr7KXXWp9dJiDe.jpg,https://image.tmdb.org/t/p/w500/7ONMDhnErvpkKvkZqM82ud7bzcT.jpg,en,"28, 12, 53"
1189423,The Sloth Lane,The Sloth Lane,2024-07-25,60.9501,6.531,16,"After a terrifying storm destroys their home, a speedy sloth named Laura and her kooky family move to the big city in their rusted old food truck, Gordito, hoping to make their business a success. The family's delicious food catches the eye of a quick-witted cheetah who will stop at nothing to revive her failing fast-food business.",https://image.tmdb.org/t/p/w500/toBN1A9AnhoUzXyu9gaVyQVJehp.jpg,https://image.tmdb.org/t/p/w500/lNQD8NdJ37winY0xEwjp9hUFqLX.jpg,en,"16, 10751"
950784,Flame of Recca: Final Burning,烈火の炎 FINAL BURNING,2004-06-10,55.3705,9.5,2,A retold ending based on the final few chapters of the Flame of Recca manga series.,https://image.tmdb.org/t/p/w500/mz4JRlydPga303keGQh5Ib0rLDC.jpg,,ja,"16, 28"
1244944,The Woman in the Yard,The Woman in the Yard,2025-03-27,59.5214,6.2,143,"In the aftermath of her husband's death, widow Ramona's struggle to raise her two kids is hindered by the arrival of a mysterious woman with supernatural abilities.",https://image.tmdb.org/t/p/w500/n0WS2TsNcS6dtaZKzxipyO7LuCJ.jpg,https://image.tmdb.org/t/p/w500/3lEV4CoKoeT2cZ4fbKEJugZcw6Z.jpg,en,"27, 9648"
1252309,Ask Me What You Want,Pídeme lo que quieras,2024-11-29,57.4138,5.997,164,"After his father's death, Eric Zimmerman travels to Spain to oversee his company's branches. In Madrid, he falls for Judith and engage in an intense, erotic relationship full of exploration. However, Eric fears his secret may end their affair.",https://image.tmdb.org/t/p/w500/k82T5L1utX1G2LhNWeza9nGUKPk.jpg,https://image.tmdb.org/t/p/w500/qiVrapzgrDO7c6yQTSvn0dhwsn8.jpg,es,"10749, 18"
71689,Phineas and Ferb The Movie: Across the 2nd Dimension,Phineas and Ferb The Movie: Across the 2nd Dimension,2011-08-05,55.3726,7.077,565,"Phineas and Ferb get trapped in an alternate dimension where the evil Doofenshmirtz rules the tri-state area. They must find a way back home with the help of their pet platypus named Perry, who they discover is a secret agent.",https://image.tmdb.org/t/p/w500/updMFSOZwEftfkJRpozwBlRlYI2.jpg,https://image.tmdb.org/t/p/w500/uxezSInaPoH20CyHx4TuY1LzGly.jpg,en,"16, 35, 10751, 10770, 878, 12, 28, 10402"
931349,Ash,Ash,2025-03-20,49.0315,5.361,205,A woman wakes up on a distant planet and finds the crew of her space station viciously killed. Her investigation into what happened sets in motion a terrifying chain of events.,https://image.tmdb.org/t/p/w500/nRa8B3tQCUK6pVwjasIyQehbvpF.jpg,https://image.tmdb.org/t/p/w500/sQa299yggIkxfwKJFgzYwDdsC9t.jpg,en,"878, 27, 53"
912649,Venom: The Last Dance,Venom: The Last Dance,2024-10-22,55.8331,6.756,3285,"Eddie and Venom are on the run. Hunted by both of their worlds and with the net closing in, the duo are forced into a devastating decision that will bring the curtains down on Venom and Eddie's last dance.",https://image.tmdb.org/t/p/w500/vGXptEdgZIhPg3cGlc7e8sNPC2e.jpg,https://image.tmdb.org/t/p/w500/3V4kLQg0kSqPLctI5ziYWabAZYF.jpg,en,"28, 878, 12"
1296500,Un lío de millones,Un lío de millones,2024-12-20,55.4318,6.167,12,"In a village in the Sierra de Madrid, a couple feels that their children, who have since moved out, have forgotten about them. To get them back, they will pretend that they have won the lottery and that they are multimillionaires.",https://image.tmdb.org/t/p/w500/1gPOV4ExV0AAGMLpF3em6BSRVV8.jpg,https://image.tmdb.org/t/p/w500/9JqrqquYOarMFb3O4j6gdJZG36K.jpg,es,35
1125899,Cleaner,Cleaner,2025-02-19,48.4975,6.7,244,"When a group of radical activists take over an energy company's annual gala, seizing 300 hostages, an ex-soldier turned window cleaner suspended 50 storeys up on the outside of the building must save those trapped inside, including her younger brother.",https://image.tmdb.org/t/p/w500/mwzDApMZAGeYCEVjhegKvCzDX0W.jpg,https://image.tmdb.org/t/p/w500/2TtpJq1PbeQ36E5FnHVX4O6hVvu.jpg,en,"28, 53"
141052,Justice League,Justice League,2017-11-15,51.2116,6.075,13133,"Fuelled by his restored faith in humanity and inspired by Superman's selfless act, Bruce Wayne and Diana Prince assemble a team of metahumans consisting of Barry Allen, Arthur Curry and Victor Stone to face the catastrophic threat of Steppenwolf and the Parademons who are on the hunt for three Mother Boxes on Earth.",https://image.tmdb.org/t/p/w500/eifGNCSDuxJeS1loAXil5bIGgvC.jpg,https://image.tmdb.org/t/p/w500/2nyaeISu2xIxIgZYNpX4UayY8PN.jpg,en,"28, 12, 878"
1232546,Until Dawn,Until Dawn,2025-04-23,48.9642,6.5,138,"One year after her sister Melanie mysteriously disappeared, Clover and her friends head into the remote valley where she vanished in search of answers. Exploring an abandoned visitor center, they find themselves stalked by a masked killer and horrifically murdered one by one...only to wake up and find themselves back at the beginning of the same evening.",https://image.tmdb.org/t/p/w500/6O9nkcmZBymDXtxOGJmulqcxJdv.jpg,https://image.tmdb.org/t/p/w500/3xKJ0nyUTlySmMBCpOcsuSnFPI1.jpg,en,"27, 9648"
1059073,Winter Spring Summer or Fall,Winter Spring Summer or Fall,2024-12-27,47.2145,7.344,90,"Remi and Barnes, two very different teenagers, meet by chance in the winter of their senior year, then spend four  days together over the course of a year that will change their lives forever.",https://image.tmdb.org/t/p/w500/mEPi5ISa5RmzpzeDfwkhX0CcNsf.jpg,https://image.tmdb.org/t/p/w500/6GGsUgmef5MIfJnnp2fGvkFWRg6.jpg,en,"10749, 35, 18"
1126166,Flight Risk,Flight Risk,2025-01-22,58.3519,6.1,679,"A U.S. Marshal escorts a government witness to trial after he's accused of getting involved with a mob boss, only to discover that the pilot who is transporting them is also a hitman sent to assassinate the informant. After they subdue him, they're forced to fly together after discovering that there are others attempting to eliminate them.",https://image.tmdb.org/t/p/w500/q0bCG4NX32iIEsRFZqRtuvzNCyZ.jpg,https://image.tmdb.org/t/p/w500/hwlyY7LJdEFbCPaGNXiskKKmJ5X.jpg,en,"28, 53"
126889,Alien: Covenant,Alien: Covenant,2017-05-09,49.135,6.155,8872,"The crew of the colony ship Covenant, bound for a remote planet on the far side of the galaxy, discovers what they think is an uncharted paradise but is actually a dark, dangerous world.",https://image.tmdb.org/t/p/w500/zecMELPbU5YMQpC81Z8ImaaXuf9.jpg,https://image.tmdb.org/t/p/w500/2qluV8y79LnBBHaMpwewCjQ1Htk.jpg,en,"878, 27, 53"
533535,Deadpool & Wolverine,Deadpool & Wolverine,2024-07-24,50.4412,7.598,7179,"A listless Wade Wilson toils away in civilian life with his days as the morally flexible mercenary, Deadpool, behind him. But when his homeworld faces an existential threat, Wade must reluctantly suit-up again with an even more reluctant Wolverine.",https://image.tmdb.org/t/p/w500/8cdWjvZQUExUUTzyp4t6EDMubfO.jpg,https://image.tmdb.org/t/p/w500/by8z9Fe8y7p4jo2YlW2SZDnptyT.jpg,en,"28, 35, 878"
567609,Ready or Not,Ready or Not,2019-08-21,47.262,7.035,4767,A young bride's wedding night turns into her worst nightmare when her ridiculously rich in-laws force her to play a gruesome game of hide-and-seek.,https://image.tmdb.org/t/p/w500/oJD9KQFoObZmxAS1je56SIFVNJt.jpg,https://image.tmdb.org/t/p/w500/oJ1MIABA0WF0a7MDVQnnMvBdex8.jpg,en,"27, 35"
811941,Devara: Part 1,Devara: Part 1,2024-09-26,52.3202,6.995,192,"Devara, a fearless man from a coastal region, embarks on a perilous journey into the treacherous world of the sea to safeguard the lives of his people. Unbeknownst to him, his brother Bhaira is plotting a conspiracy against him. As events unfold, Devara passes on his legacy to his mild-mannered and timid son, Varada.",https://image.tmdb.org/t/p/w500/1105WNYals12Va2f4F3VeBZdcWX.jpg,https://image.tmdb.org/t/p/w500/hAQnXxOwCjgYcKRgTdYPRC8neqL.jpg,te,"28, 18"
374720,Dunkirk,Dunkirk,2017-07-19,31.7443,7.5,16774,"The story of the miraculous evacuation of Allied soldiers from Belgium, Britain, Canada and France, who were cut off and surrounded by the German army from the beaches and harbour of Dunkirk between May 26th and June 4th 1940 during World War II.",https://image.tmdb.org/t/p/w500/b4Oe15CGLL61Ped0RAS9JpqdmCt.jpg,https://image.tmdb.org/t/p/w500/ddIkmH3TpR6XSc47jj0BrGK5Rbz.jpg,en,"10752, 28, 18"
473,Pi,Pi,1998-07-10,41.0162,7.115,2294,"A mathematical genius discovers a link between numbers and reality, and thus believes he can predict the future.",https://image.tmdb.org/t/p/w500/fJA22FjlAW8rzrOw9Mwanl6oTc9.jpg,https://image.tmdb.org/t/p/w500/pVmCanXNPYqE74cJoL0U6C9ONf5.jpg,en,"9648, 18, 53"
519182,Despicable Me 4,Despicable Me 4,2024-06-20,46.8901,7.047,2743,"Gru and Lucy and their girls—Margo, Edith and Agnes—welcome a new member to the Gru family, Gru Jr., who is intent on tormenting his dad. Gru also faces a new nemesis in Maxime Le Mal and his femme fatale girlfriend Valentina, forcing the family to go on the run.",https://image.tmdb.org/t/p/w500/wWba3TaojhK7NdycRhoQpsG0FaH.jpg,https://image.tmdb.org/t/p/w500/lgkPzcOSnTvjeMnuFzozRO5HHw1.jpg,en,"16, 10751, 35, 878"
515001,Jojo Rabbit,Jojo Rabbit,2019-10-18,45.5519,8.01,9784,"A World War II satire that follows a lonely German boy whose world view is turned upside down when he discovers his single mother is hiding a young Jewish girl in their attic. Aided only by his idiotic imaginary friend, Adolf Hitler, Jojo must confront his blind nationalism.",https://image.tmdb.org/t/p/w500/7GsM4mtM0worCtIVeiQt28HieeN.jpg,https://image.tmdb.org/t/p/w500/zrlJRfjpMsn4FtwZsg9k7YW87gR.jpg,en,"35, 10752, 18"
1217690,Homestead,Homestead,2024-12-19,45.7687,5.902,41,"A nuclear bomb is detonated in Los Angeles, and the nation devolves into unprecedented chaos. Ex-Green Beret Jeff Eriksson and his family escape to The Homestead, an eccentric prepper’s fortress nestled in the mountains. As violent threats and apocalyptic conditions creep toward their borders, the residents of The Homestead are left to wonder: how long can a group of people resist both the dangers of human nature and the bloodshed at their doorstep?",https://image.tmdb.org/t/p/w500/fKts7WTTP7KWvI6N7WYIuEhmgXP.jpg,https://image.tmdb.org/t/p/w500/7xbAPWP9utLRecydyFSBaQ0PYGZ.jpg,en,"53, 18, 28"
238,The Godfather,The Godfather,1972-03-14,47.8916,8.687,21413,"Spanning the years 1945 to 1955, a chronicle of the fictional Italian-American Corleone crime family. When organized crime family patriarch, Vito Corleone barely survives an attempt on his life, his youngest son, Michael steps in to take care of the would-be killers, launching a campaign of bloody revenge.",https://image.tmdb.org/t/p/w500/3bhkrj58Vtu7enYsRolD1fZdja1.jpg,https://image.tmdb.org/t/p/w500/tmU7GeKVybMWFButWEGl2M4GeiP.jpg,en,"18, 80"
1373723,The Codes of War,The Codes of War,2025-03-20,44.6834,6.117,60,"War stories about family, ethics and honor include the true story of two U.S. Marines who in a span of six seconds, must stand their ground to stop a suicide truck bomb, a Navy Corpsman who attempts to hold on to his humanity, and a WW2 soldier who gets separated from his squad and is forced to re-evaluate his code.",https://image.tmdb.org/t/p/w500/oXeiQAfRK90pxxhP5iKPXQqAIN1.jpg,https://image.tmdb.org/t/p/w500/ibF5XVxTzf1ayzZrmiJqgeQ39Qk.jpg,en,"28, 10752"
1184918,The Wild Robot,The Wild Robot,2024-09-12,45.2517,8.319,4861,"After a shipwreck, an intelligent robot called Roz is stranded on an uninhabited island. To survive the harsh environment, Roz bonds with the island's animals and cares for an orphaned baby goose.",https://image.tmdb.org/t/p/w500/wTnV3PCVW5O92JMrFvvrRcV39RU.jpg,https://image.tmdb.org/t/p/w500/1pmXyN3sKeYoUhu5VBZiDU4BX21.jpg,en,"16, 878, 10751"
539972,Kraven the Hunter,Kraven the Hunter,2024-12-11,45.5352,6.583,1650,"Kraven Kravinoff's complex relationship with his ruthless gangster father, Nikolai, starts him down a path of vengeance with brutal consequences, motivating him to become not only the greatest hunter in the world, but also one of its most feared.",https://image.tmdb.org/t/p/w500/1GvBhRxY6MELDfxFrete6BNhBB5.jpg,https://image.tmdb.org/t/p/w500/v9Du2HC3hlknAvGlWhquRbeifwW.jpg,en,"28, 12, 53"
39843,Red to Kill,弱殺,1994-10-20,31.0004,6.2,25,"A serial rapist rapes a girl with mental disability for wearing a red dress, which triggers him. Now the girl's social worker vows to get revenge on the rapist.",https://image.tmdb.org/t/p/w500/uCSairsy6ZtiH8dbWWLKOsj1giP.jpg,https://image.tmdb.org/t/p/w500/5nrI9kwI2J11vAOIpOJ7CgqN74N.jpg,cn,27
1055451,Founders Day,Founders Day,2024-01-19,40.6697,4.541,49,A small town is shaken by a series of ominous killings in the days leading up to a heated mayoral election.,https://image.tmdb.org/t/p/w500/ohzLPC9lHUWseBgB7HRcz0GBkFb.jpg,https://image.tmdb.org/t/p/w500/5g9wIe8Q8GFPdVLSmC372gvZfci.jpg,en,"27, 53, 35"
372058,Your Name.,君の名は。,2016-08-26,42.8376,8.484,11748,"High schoolers Mitsuha and Taki are complete strangers living separate lives. But one night, they suddenly switch places. Mitsuha wakes up in Taki’s body, and he in hers. This bizarre occurrence continues to happen randomly, and the two must adjust their lives around each other.",https://image.tmdb.org/t/p/w500/8GJsy7w7frGquw1cy9jasOGNNI1.jpg,https://image.tmdb.org/t/p/w500/8x9iKH8kWA0zdkgNdpAew7OstYe.jpg,ja,"16, 10749, 18"
872585,Oppenheimer,Oppenheimer,2023-07-19,45.6401,8.061,10195,The story of J. Robert Oppenheimer's role in the development of the atomic bomb during World War II.,https://image.tmdb.org/t/p/w500/8Gxv8gSFCU0XGDykEGv7zR1n2ua.jpg,https://image.tmdb.org/t/p/w500/neeNHeXjMF5fXoCJRsOmkNGC7q.jpg,en,"18, 36"
696506,Mickey 17,Mickey 17,2025-02-28,44.6549,6.9,1857,"Unlikely hero Mickey Barnes finds himself in the extraordinary circumstance of working for an employer who demands the ultimate commitment to the job… to die, for a living.",https://image.tmdb.org/t/p/w500/edKpE9B5qN3e559OuMCLZdW1iBZ.jpg,https://image.tmdb.org/t/p/w500/qUc0Hol3eP74dbW4YyqT6oRLYgT.jpg,en,"878, 35, 12"
1229730,Carjackers,Carjackers,2025-03-27,43.5607,6.087,172,"By day, they're invisible—valets, hostesses, and bartenders at a luxury hotel. By night, they're the Carjackers, a crew of skilled drivers who track and rob wealthy clients on the road. As they plan their ultimate heist, the hotel director hires a ruthless hitman, to stop them at all costs. With danger closing in, can Nora, Zoe, Steve, and Prestance pull off their biggest score yet?",https://image.tmdb.org/t/p/w500/wbkPMTz2vVai7Ujyp0ag7AM9SrO.jpg,https://image.tmdb.org/t/p/w500/is9bmV6uYXu7LjZGJczxrjJDlv8.jpg,fr,"28, 12"
1229730,Carjackers,Carjackers,2025-03-27,43.5607,6.087,172,"By day, they're invisible—valets, hostesses, and bartenders at a luxury hotel. By night, they're the Carjackers, a crew of skilled drivers who track and rob wealthy clients on the road. As they plan their ultimate heist, the hotel director hires a ruthless hitman, to stop them at all costs. With danger closing in, can Nora, Zoe, Steve, and Prestance pull off their biggest score yet?",https://image.tmdb.org/t/p/w500/wbkPMTz2vVai7Ujyp0ag7AM9SrO.jpg,https://image.tmdb.org/t/p/w500/is9bmV6uYXu7LjZGJczxrjJDlv8.jpg,fr,"28, 12"
1022789,Inside Out 2,Inside Out 2,2024-06-11,44.5751,7.6,5809,"Teenager Riley's mind headquarters is undergoing a sudden demolition to make room for something entirely unexpected: new Emotions! Joy, Sadness, Anger, Fear and Disgust, who’ve long been running a successful operation by all accounts, aren’t sure how to feel when Anxiety shows up. And it looks like she’s not alone.",https://image.tmdb.org/t/p/w500/vpnVM9B6NMmQpWeZvzLvDESb2QY.jpg,https://image.tmdb.org/t/p/w500/p5ozvmdgsmbWe0H8Xk7Rc8SCwAB.jpg,en,"16, 12, 35, 10751"
1011477,Karate Kid: Legends,Karate Kid: Legends,2025-05-08,45.742,9.667,3,"After a family tragedy, kung fu prodigy Li Fong is uprooted from his home in Beijing and forced to move to New York City with his mother. When a new friend needs his help, Li enters a karate competition – but his skills alone aren't enough. Li's kung fu teacher Mr. Han enlists original Karate Kid Daniel LaRusso for help, and Li learns a new way to fight, merging their two styles into one for the ultimate martial arts showdown.",https://image.tmdb.org/t/p/w500/ckI6bmQDvvGy20FPTIW1kfGKGRK.jpg,https://image.tmdb.org/t/p/w500/tGjo4L15aELqZGqQH3ThZQGMKmL.jpg,en,"28, 12, 18"
1083968,Locked,Locked,2025-03-20,45.7284,6.2,115,"When Eddie breaks into a luxury SUV, he steps into a deadly trap set by William, a self-proclaimed vigilante delivering his own brand of twisted justice. With no means of escape, Eddie must fight to survive in a ride where escape is an illusion, survival is a nightmare, and justice shifts into high gear.",https://image.tmdb.org/t/p/w500/hhkiqXpfpufwxVrdSftzeKIANl3.jpg,https://image.tmdb.org/t/p/w500/r4X2xRrWleVgx0kahP27xRmm3ia.jpg,en,53
760497,The Match,승부,2025-03-26,45.5615,8.0,5,"When a legendary Go master loses his title to a one-time friend and protégé, he sets out to reclaim it in a high-stakes battle of wits and skill.",https://image.tmdb.org/t/p/w500/8PmxsTT77KBlmT3OWyf3Q09yBOy.jpg,https://image.tmdb.org/t/p/w500/tAQOKgDUYYMVSRkogQjEb1TyCOW.jpg,ko,18
919207,12.12: The Day,서울의 봄,2023-11-22,40.9932,7.5,110,"After the assassination of President Park, martial law has been declared. A coup d'état bursts out by DefenseSecurity Commander Chun Doo-gwang and a private band of officers following him. Capital Defense Commander Lee Tae-shin, an obstinate soldier who believes the military should not take political actions, fights against Chun Doo-gwang to stop him. The conflict between the two grows while military leaders are holding their decision and Defense Minister is gone. In the midst of chaos, the spring of Seoul that everyone longed for heads to unexpected direction.",https://image.tmdb.org/t/p/w500/vy14tKxsbJYdDyFl6kQuVkK2s44.jpg,https://image.tmdb.org/t/p/w500/yOn8w3aGd6Rf9JYki7XaC9ZiyDg.jpg,ko,"18, 36, 53, 80, 10752, 28"
558449,Gladiator II,Gladiator II,2024-11-13,41.6454,6.743,3293,"Years after witnessing the death of the revered hero Maximus at the hands of his uncle, Lucius is forced to enter the Colosseum after his home is conquered by the tyrannical Emperors who now lead Rome with an iron fist. With rage in his heart and the future of the Empire at stake, Lucius must look to his past to find strength and honor to return the glory of Rome to its people.",https://image.tmdb.org/t/p/w500/2cxhvwyEwRlysAmRH4iodkvo0z5.jpg,https://image.tmdb.org/t/p/w500/euYIwmwkmz95mnXvufEmbL6ovhZ.jpg,en,"28, 12, 18"
1064486,Memoir of a Snail,Memoir of a Snail,2024-10-17,45.0249,8.049,474,"Forcibly separated from her twin brother when they are orphaned, a melancholic misfit learns how to find confidence within herself amid the clutter of misfortunes and everyday life.",https://image.tmdb.org/t/p/w500/57AgZv1ITeBLShiNdchZ5153evs.jpg,https://image.tmdb.org/t/p/w500/jl2YIADk391yc6Qjy9JhgCRkHJk.jpg,en,"16, 18, 35"
968171,Sex Education Mistresses,性教育ママ,1973-11-20,53.1087,5.9,5,"An erotic comedy depicting the sex adventures of  young wives living in an apartment complex, that are not satisfied with just having sex with their husbands.",https://image.tmdb.org/t/p/w500/xghWMg0pkBOdLHCTESyeyHU68wl.jpg,,ja,35
1377424,Victoria,വിക്ടോറിയ,2024-12-14,44.1854,5.0,1,"Victoria, a young beautician in a suburban beauty parlour, decides to elope with her Hindu boyfriend after a fierce clash with her conservative Catholic parents. Amidst the turmoil, a neighbour asks her to temporarily house an offering rooster destined for a festival at St. George church inside the parlour. Juggling the rooster's antics, unexpected clients, and her boyfriend's uncertainty, Victoria grapples with conflicting emotions leading to a day of intense personal and spiritual revelations.",https://image.tmdb.org/t/p/w500/hw09PdM2o7pF1zxn1pM8NTMPzno.jpg,https://image.tmdb.org/t/p/w500/poWMPKjfUDO96dm1lA3hvbHLbdb.jpg,ml,18
933260,The Substance,The Substance,2024-09-07,43.8228,7.144,4547,"A fading celebrity decides to use a black market drug, a cell-replicating substance that temporarily creates a younger, better version of herself.",https://image.tmdb.org/t/p/w500/evdF1vmLzuzH8EFblqAXBXWRGSi.jpg,https://image.tmdb.org/t/p/w500/pRjCDn51n9otE0AzpGRYGVWP1LB.jpg,en,"27, 878"
927342,Amaran,அமரன்,2024-10-31,41.6084,7.383,227,"A heroic true story of Major Mukund Varadarajan, an Indian Army officer who displayed extraordinary bravery during a counterterrorism mission in Kashmir’s Shopian district. The film captures his courage in protecting his nation and the devotion of his wife Indhu Rebecaa Varghese.",https://image.tmdb.org/t/p/w500/eCB06m1KUGilEOlIzb40nkQhVY0.jpg,https://image.tmdb.org/t/p/w500/7cNE2qydew1c8fqnlhWjkE3DHc2.jpg,ta,"28, 18, 12, 10752"
1356039,Counterattack,Contraataque,2025-02-27,40.0646,8.369,668,"When a hostage rescue mission creates a new enemy, Capt. Guerrero and his elite soldiers must face an ambush by a criminal group.",https://image.tmdb.org/t/p/w500/38I76hGcFY6xB47pjm7pZwkfuAF.jpg,https://image.tmdb.org/t/p/w500/deUWVEgNh2IGjShyymZhaYP40ye.jpg,es,"28, 12, 53"
447332,A Quiet Place,A Quiet Place,2018-04-03,37.3234,7.4,14530,A family is forced to live in silence while hiding from creatures that hunt by sound.,https://image.tmdb.org/t/p/w500/nAU74GmpUk7t5iklEp3bufwDq4n.jpg,https://image.tmdb.org/t/p/w500/roYyPiQDQKmIKUEhO912693tSja.jpg,en,"27, 18, 878"
300668,Annihilation,Annihilation,2018-02-22,37.7261,6.426,8829,"A biologist signs up for a dangerous, secret expedition into a mysterious zone where the laws of nature don't apply.",https://image.tmdb.org/t/p/w500/4YRplSk6BhH6PRuE9gfyw9byUJ6.jpg,https://image.tmdb.org/t/p/w500/9trZvBr44UGedUOiGo3jgSUw13e.jpg,en,"878, 27"
823219,Flow,Straume,2024-08-29,41.3645,8.2,1904,"A solitary cat, displaced by a great flood, finds refuge on a boat with various species and must navigate the challenges of adapting to a transformed world together.",https://image.tmdb.org/t/p/w500/imKSymKBK7o73sajciEmndJoVkR.jpg,https://image.tmdb.org/t/p/w500/b3mdmjYTEL70j7nuXATUAD9qgu4.jpg,lv,"16, 14, 12"
693134,Dune: Part Two,Dune: Part Two,2024-02-27,38.8733,8.149,6620,"Follow the mythic journey of Paul Atreides as he unites with Chani and the Fremen while on a path of revenge against the conspirators who destroyed his family. Facing a choice between the love of his life and the fate of the known universe, Paul endeavors to prevent a terrible future only he can foresee.",https://image.tmdb.org/t/p/w500/6izwz7rsy95ARzTR3poZ8H6c5pp.jpg,https://image.tmdb.org/t/p/w500/xOMo8BRK7PfcJv9JCnx7s5hj0PX.jpg,en,"878, 12"
419430,Get Out,Get Out,2017-02-24,38.0727,7.6,17846,"Chris and his girlfriend Rose go upstate to visit her parents for the weekend. At first, Chris reads the family's overly accommodating behavior as nervous attempts to deal with their daughter's interracial relationship, but as the weekend progresses, a series of increasingly disturbing discoveries lead him to a truth that he never could have imagined.",https://image.tmdb.org/t/p/w500/tFXcEccSQMf3lfhfXKSU9iRBpa3.jpg,https://image.tmdb.org/t/p/w500/o8dPH0ZSIyyViP6rjRX1djwCUwI.jpg,en,"9648, 53, 27"
502356,The Super Mario Bros. Movie,The Super Mario Bros. Movie,2023-04-05,39.6029,7.6,9659,"While working underground to fix a water main, Brooklyn plumbers—and brothers—Mario and Luigi are transported down a mysterious pipe and wander into a magical new world. But when the brothers are separated, Mario embarks on an epic quest to find Luigi.",https://image.tmdb.org/t/p/w500/qNBAXBIQlnOThrVvA6mA2B5ggV6.jpg,https://image.tmdb.org/t/p/w500/9n2tJBplPbgR2ca05hS5CKXwP2c.jpg,en,"10751, 35, 12, 16"
7451,xXx,xXx,2002-08-09,40.1828,5.942,4409,"Xander Cage is your standard adrenaline junkie with no fear and a lousy attitude. When the US Government ""recruits"" him to go on a mission, he's not exactly thrilled. His mission: to gather information on an organization that may just be planning the destruction of the world, led by the nihilistic Yorgi.",https://image.tmdb.org/t/p/w500/xeEw3eLeSFmJgXZzmF2Efww0q3s.jpg,https://image.tmdb.org/t/p/w500/qwK9soQmmJ7kRdjLZVXblw3g7AQ.jpg,en,"28, 12, 53, 80"
7451,xXx,xXx,2002-08-09,40.1828,5.942,4409,"Xander Cage is your standard adrenaline junkie with no fear and a lousy attitude. When the US Government ""recruits"" him to go on a mission, he's not exactly thrilled. His mission: to gather information on an organization that may just be planning the destruction of the world, led by the nihilistic Yorgi.",https://image.tmdb.org/t/p/w500/xeEw3eLeSFmJgXZzmF2Efww0q3s.jpg,https://image.tmdb.org/t/p/w500/qwK9soQmmJ7kRdjLZVXblw3g7AQ.jpg,en,"28, 12, 53, 80"
977294,Tin Soldier,Tin Soldier,2025-05-22,40.346,0.0,0,"An ex-special forces operative seeks revenge against a cult leader who has corrupted his former comrades, the Shinjas. This leader, known as The Bokushi, promises veterans a purpose and protection, but is revealed to be a destructive influence. The ex-soldier, Nash Cavanaugh, joins forces with military operative Emmanuel Ashburn to infiltrate the Bokushi's fortress and expose his reign of terror",https://image.tmdb.org/t/p/w500/lFFDrFLXywFhy6khHes1LCFVMsL.jpg,https://image.tmdb.org/t/p/w500/jRvhP4AfFnJ03lCQhp1fie7XPSd.jpg,en,"28, 53"
263115,Logan,Logan,2017-02-28,37.1147,7.8,19591,"In the near future, a weary Logan cares for an ailing Professor X in a hideout on the Mexican border. But Logan's attempts to hide from the world and his legacy are upended when a young mutant arrives, pursued by dark forces.",https://image.tmdb.org/t/p/w500/fnbjcRDYn6YviCcePDnGdyAkYsB.jpg,https://image.tmdb.org/t/p/w500/9X7YweCJw3q8Mcf6GadxReFEksM.jpg,en,"28, 18, 878"
1156593,Your Fault,Culpa tuya,2024-12-26,38.0646,7.144,1233,The love between Noah and Nick seems unwavering despite their parents' attempts to separate them. But his job and her entry into college open up their lives to new relationships that will shake the foundations of both their relationship and the Leister family itself.,https://image.tmdb.org/t/p/w500/1sQA7lfcF9yUyoLYC0e6Zo3jmxE.jpg,https://image.tmdb.org/t/p/w500/k24eZq5I3jyz4htPkZCRpnUmBzE.jpg,es,"10749, 18"
345940,The Meg,The Meg,2018-08-09,36.8749,6.248,7794,"A deep sea submersible pilot revisits his past fears in the Mariana Trench, and accidentally unleashes the seventy foot ancestor of the Great White Shark believed to be extinct.",https://image.tmdb.org/t/p/w500/eyWICPcxOuTcDDDbTMOZawoOn8d.jpg,https://image.tmdb.org/t/p/w500/2uSCHUsmzb6KkQPFSxBQ7bgfJLE.jpg,en,"28, 878, 27"
447273,Snow White,Snow White,2025-03-19,36.4351,4.5,612,"Following the benevolent King's disappearance, the Evil Queen dominated the once fair land with a cruel streak. Princess Snow White flees the castle when the Queen, in her jealousy over Snow White's inner beauty, tries to kill her. Deep into the dark woods, she stumbles upon seven magical dwarves and a young bandit named Jonathan. Together, they strive to survive the Queen's relentless pursuit and aspire to take back the kingdom.",https://image.tmdb.org/t/p/w500/oLxWocqheC8XbXbxqJ3x422j9PW.jpg,https://image.tmdb.org/t/p/w500/xb9wpY31SeVZbfkevYuolhfV63w.jpg,en,"10751, 14"
1091,The Thing,The Thing,1982-06-25,35.4116,8.069,7271,"In the winter of 1982, a twelve-man research team at a remote Antarctic research station discovers an alien buried in the snow for over 100,000 years. Soon unfrozen, the form-changing creature wreaks havoc, creates terror... and becomes one of them.",https://image.tmdb.org/t/p/w500/tzGY49kseSE9QAKk47uuDGwnSCu.jpg,https://image.tmdb.org/t/p/w500/r9leYNa8nTRCceZrZhP1DXkgKVb.jpg,en,"27, 9648, 878"
157336,Interstellar,Interstellar,2014-11-05,36.9297,8.5,37078,The adventures of a group of explorers who make use of a newly discovered wormhole to surpass the limitations on human space travel and conquer the vast distances involved in an interstellar voyage.,https://image.tmdb.org/t/p/w500/gEU2QniE6E77NI6lCU6MxlNBvIx.jpg,https://image.tmdb.org/t/p/w500/l33oR0mnvf20avWyIMxW02EtQxn.jpg,en,"12, 18, 878"
324786,Hacksaw Ridge,Hacksaw Ridge,2016-10-07,35.4032,8.193,14075,"WWII American Army Medic Desmond T. Doss, who served during the Battle of Okinawa, refuses to kill people and becomes the first Conscientious Objector in American history to receive the Congressional Medal of Honor.",https://image.tmdb.org/t/p/w500/jhWbYeUNOA5zAb6ufK6pXQFXqTX.jpg,https://image.tmdb.org/t/p/w500/rshlQ6LfPRSWFhpGL4s5ZkIPR51.jpg,en,"18, 36, 10752"
1087891,The Amateur,The Amateur,2025-04-09,36.0746,6.7,239,"After his life is turned upside down when his wife is killed in a London terrorist attack, a brilliant but introverted CIA decoder takes matters into his own hands when his supervisors refuse to take action.",https://image.tmdb.org/t/p/w500/SNEoUInCa5fAgwuEBMIMBGvkkh.jpg,https://image.tmdb.org/t/p/w500/yMoEGh8kDEwqsoJumnQLwFJ9V6h.jpg,en,"53, 28"
1405338,Demon City,Demon City 鬼ゴロシ,2025-02-26,35.7058,6.928,223,"Framed for his family's murder and left for dead, an ex-hitman will stop at nothing to exact revenge on the masked ""demons"" who have taken over his city.",https://image.tmdb.org/t/p/w500/g5PqsFFrayyRL1Ldgib2lMYuJXg.jpg,https://image.tmdb.org/t/p/w500/hD2SN5bbqxk0kcRmsATJkXObgnZ.jpg,ja,"28, 80, 14, 53"
335,Once Upon a Time in the West,C'era una volta il West,1968-12-21,34.003,8.282,4514,"As the railroad builders advance unstoppably through the Arizona desert on their way to the sea, Jill arrives in the small town of Flagstone with the intention of starting a new life.",https://image.tmdb.org/t/p/w500/qbYgqOczabWNn2XKwgMtVrntD6P.jpg,https://image.tmdb.org/t/p/w500/26SUDI2iKhZTIKcU4ZzezTH1G15.jpg,it,"18, 37"
334541,Manchester by the Sea,Manchester by the Sea,2016-11-17,33.6122,7.546,5983,"After his older brother passes away, Lee Chandler is forced to return home to care for his 16-year-old nephew. There he is compelled to deal with a tragic past that separated him from his family and the community where he was born and raised.",https://image.tmdb.org/t/p/w500/o9VXYOuaJxCEKOxbA86xqtwmqYn.jpg,https://image.tmdb.org/t/p/w500/wj2nLa0vfS0SLu2vJ6ABTRhMrok.jpg,en,18
1101401,Sugar Baby,Sugar Baby,2024-10-15,33.7025,6.038,13,"An enterprising Sugar Baby is offered $30,000 to move in with her Sugar Daddy for the week, but soon discovers the sinister secrets trapped within his home.",https://image.tmdb.org/t/p/w500/z7NyxmdJ1ypn3Y6BVizjGODuBdO.jpg,https://image.tmdb.org/t/p/w500/kYqEsUtilXXcb7FDfGIUaDq7j5F.jpg,en,"53, 35"
1165067,Cosmic Chaos,Cosmic Chaos,2023-08-03,32.9651,6.064,47,"Battles in virtual reality, survival in a post-apocalyptic wasteland, a Soviet spaceship giving a distress signal - Fantastic stories created with advanced special effects and passion.",https://image.tmdb.org/t/p/w500/mClzWv7gBqgXfjZXp49Enyoex1v.jpg,https://image.tmdb.org/t/p/w500/m2mzlsJjE3UAqeUB5fLUkpWg4Iq.jpg,en,"53, 878"
1122099,The Ballad of Wallis Island,The Ballad of Wallis Island,2025-03-28,34.2133,7.8,11,"Eccentric lottery winner Charles lives alone on a remote island but dreams of hiring his favourite musician, Herb McGwyer, to play an exclusive, private gig. Unbeknownst to Herb, Charles has also hired Herb’s ex-bandmate and ex-girlfriend, Nell, with her new husband in tow, to perform the old favourites. As tempers flare and old tensions resurface, the stormy weather traps them all on the island and Charles desperately looks for a way to salvage his dream gig.",https://image.tmdb.org/t/p/w500/AhmJOYdUn9katXqDk0ZpZanQ0xp.jpg,https://image.tmdb.org/t/p/w500/1nn7nCFRTKeWOXbtjrFxfSvf1EI.jpg,en,"35, 18, 10402"
370172,No Time to Die,No Time to Die,2021-09-29,35.4349,7.367,6504,"Bond has left active service and is enjoying a tranquil life in Jamaica. His peace is short-lived when his old friend Felix Leiter from the CIA turns up asking for help. The mission to rescue a kidnapped scientist turns out to be far more treacherous than expected, leading Bond onto the trail of a mysterious villain armed with dangerous new technology.",https://image.tmdb.org/t/p/w500/iUgygt3fscRoKWCV1d0C7FbM9TP.jpg,https://image.tmdb.org/t/p/w500/bz7pwNGCbV576COsDcYN9MbEACC.jpg,en,"28, 53, 12"
1064213,Anora,Anora,2024-10-14,35.0435,7.0,2121,"A young sex worker from Brooklyn gets her chance at a Cinderella story when she meets and impulsively marries the son of an oligarch. Once the news reaches Russia, her fairytale is threatened as his parents set out to get the marriage annulled.",https://image.tmdb.org/t/p/w500/7MrgIUeq0DD2iF7GR6wqJfYZNeC.jpg,https://image.tmdb.org/t/p/w500/87GU2ifjNYtgYtcRH1NNH1P4ODo.jpg,en,"18, 35, 10749"
453395,Doctor Strange in the Multiverse of Madness,Doctor Strange in the Multiverse of Madness,2022-05-04,35.1586,7.3,9511,"Doctor Strange, with the help of mystical allies both old and new, traverses the mind-bending and dangerous alternate realities of the Multiverse to confront a mysterious new adversary.",https://image.tmdb.org/t/p/w500/ddJcSKbcp4rKZTmuyWaMhuwcfMz.jpg,https://image.tmdb.org/t/p/w500/iKUwhA4DUxMcNKu5lLSbDFwwilk.jpg,en,"14, 28, 12"
369192,Battle of the Sexes,Battle of the Sexes,2017-09-22,32.1995,6.8,1875,The true story of the 1973 tennis match between world number one Billie Jean King and ex-champ and serial hustler Bobby Riggs.,https://image.tmdb.org/t/p/w500/fWy0A3VojTCb0S2MKtEJjpquubF.jpg,https://image.tmdb.org/t/p/w500/wCHJuJwEfOrrykgDas8T4m79Bzs.jpg,en,"18, 35, 36"
369192,Battle of the Sexes,Battle of the Sexes,2017-09-22,32.1995,6.8,1875,The true story of the 1973 tennis match between world number one Billie Jean King and ex-champ and serial hustler Bobby Riggs.,https://image.tmdb.org/t/p/w500/fWy0A3VojTCb0S2MKtEJjpquubF.jpg,https://image.tmdb.org/t/p/w500/wCHJuJwEfOrrykgDas8T4m79Bzs.jpg,en,"18, 35, 36"
597,Titanic,Titanic,1997-11-18,32.9214,7.9,25962,"101-year-old Rose DeWitt Bukater tells the story of her life aboard the Titanic, 84 years later. A young Rose boards the ship with her mother and fiancé. Meanwhile, Jack Dawson and Fabrizio De Rossi win third-class tickets aboard the ship. Rose tells the whole story from Titanic's departure through to its death—on its first and last voyage—on April 15, 1912.",https://image.tmdb.org/t/p/w500/9xjZS2rlVxm8SFx8kPC3aIGCOYQ.jpg,https://image.tmdb.org/t/p/w500/sCzcYW9h55WcesOqA12cgEr9Exw.jpg,en,"18, 10749"
24428,The Avengers,The Avengers,2012-04-25,37.2027,7.745,31733,"When an unexpected enemy emerges and threatens global safety and security, Nick Fury, director of the international peacekeeping agency known as S.H.I.E.L.D., finds himself in need of a team to pull the world back from the brink of disaster. Spanning the globe, a daring recruitment effort begins!",https://image.tmdb.org/t/p/w500/RYMX2wcKCBAr24UyPD7xwmjaTn.jpg,https://image.tmdb.org/t/p/w500/gHLs7Fy3DzLmLsD4lmfqL55KGcl.jpg,en,"878, 28, 12"
1353117,Home Sweet Home: Rebirth,Home Sweet Home: Rebirth,2025-03-20,32.8089,6.342,57,"When a city is overrun with a demonically-possessed crowd, a cop must find the source of evil to save his family.",https://image.tmdb.org/t/p/w500/9rCBCm9cyI4JfLEhx3EncyncMR3.jpg,https://image.tmdb.org/t/p/w500/wmqpE7p2dUCEgCnovuovoNXaCXr.jpg,en,"27, 14, 53, 9648, 28"
514593,You Should Have Left,You Should Have Left,2020-06-18,29.4448,6.097,874,"In an effort to repair their relationship, a couple books a vacation in the countryside for themselves and their daughter. What starts as a perfect retreat begins to fall apart as one loses their grip on reality, and a sinister force tries to tear them apart.",https://image.tmdb.org/t/p/w500/tpOwE6xsWnu4lKeKbKW0R3iClM.jpg,https://image.tmdb.org/t/p/w500/chAGSv4DB9s3fsgULpSZQLN7LgN.jpg,en,"27, 53"
37799,The Social Network,The Social Network,2010-10-01,26.2189,7.369,12410,"In 2003, Harvard undergrad and computer programmer Mark Zuckerberg begins work on a new concept that eventually turns into the global social network known as Facebook. Six years later, Mark is one of the youngest billionaires ever, but his unprecedented success leads to both personal and legal complications when he ends up on the receiving end of two lawsuits, one involving his former friend.",https://image.tmdb.org/t/p/w500/n0ybibhJtQ5icDqTp8eRytcIHJx.jpg,https://image.tmdb.org/t/p/w500/cq9N64ucEtfIc3eMxNr1VzY9LH9.jpg,en,18
1104845,Plankton: The Movie,Plankton: The Movie,2025-03-08,33.1904,6.706,97,Plankton's tangled love story with his sentient computer wife goes sideways when she takes a stand — and decides to destroy the world without him.,https://image.tmdb.org/t/p/w500/hGaUNLF5VZbg9ovPTyjm9Rv5xWz.jpg,https://image.tmdb.org/t/p/w500/lsgT602GYV8ts97sKH1gWFtQs1k.jpg,en,"16, 12, 35, 10751, 14"
346672,Underworld: Blood Wars,Underworld: Blood Wars,2016-11-24,20.3607,5.901,3748,"Vampire death dealer Selene fends off brutal attacks from both the Lycan clan and the Vampire faction that betrayed her. With her only allies, David and his father Thomas, she must stop the eternal war between Lycans and Vampires, even if it means she has to make the ultimate sacrifice.",https://image.tmdb.org/t/p/w500/v1ciDCWMG47gdT4kMyjyQbnLQQn.jpg,https://image.tmdb.org/t/p/w500/b5QnSrjDRHUFg3hpjmwBwsJfzyP.jpg,en,"14, 28, 53, 878"
1321952,"Sofia, the Possession",Tu Sangre,2024-10-31,32.349,6.625,8,"My mother vanished inside the boarding school where she worked. Through a Ouija board, she told me to look for her. My name is Sofia. I'm 14 years old and I'm going to enroll at the boarding school to find the body of my mother.",https://image.tmdb.org/t/p/w500/kYbd7M1dk2xadHd2WczQRmO28uJ.jpg,https://image.tmdb.org/t/p/w500/QNo0appKGKLAsBXVkU64fXwOtj.jpg,es,27
484247,A Simple Favor,A Simple Favor,2018-09-13,31.2213,6.637,4297,"Stephanie, a dedicated mother and popular vlogger, befriends Emily, a mysterious upper-class woman whose son Nicky attends the same school as Miles, Stephanie's son. When Emily asks her to pick Nicky up from school and then disappears, Stephanie undertakes an investigation that will dive deep into Emily's cloudy past.",https://image.tmdb.org/t/p/w500/aIYsjQM0piKc0ibPBCTWv3sqshj.jpg,https://image.tmdb.org/t/p/w500/nb1s8r6MhDcPyMjx3sjw9rFsEP5.jpg,en,"53, 80, 35"
840430,The Holdovers,The Holdovers,2023-10-27,32.4032,7.682,1988,"A curmudgeonly instructor at a New England prep school is forced to remain on campus during Christmas break to babysit the handful of students with nowhere to go. Eventually, he forms an unlikely bond with one of them — a damaged, brainy troublemaker — and with the school’s head cook, who has just lost a son in Vietnam.",https://image.tmdb.org/t/p/w500/VHSzNBTwxV8vh7wylo7O9CLdac.jpg,https://image.tmdb.org/t/p/w500/A99WMiz0ASpH9coOFrxSEuwTWx0.jpg,en,"35, 18"
315837,Ghost in the Shell,Ghost in the Shell,2017-03-29,31.9799,6.09,8140,"In the near future, Major is the first of her kind: a human saved from a terrible crash, then cyber-enhanced to be a perfect soldier devoted to stopping the world's most dangerous criminals.",https://image.tmdb.org/t/p/w500/zCtL3UBgCoZzd7XTVGhvl6XY75E.jpg,https://image.tmdb.org/t/p/w500/9WmLfENjz1RuL0MSMZAG3qjoYWR.jpg,en,"878, 18, 28"
552524,Lilo & Stitch,Lilo & Stitch,2025-05-21,35.5178,0.0,0,The wildly funny and touching story of a lonely Hawaiian girl and the fugitive alien who helps to mend her broken family.,https://image.tmdb.org/t/p/w500/3bN675X0K2E5QiAZVChzB5wq90B.jpg,https://image.tmdb.org/t/p/w500/eCqIpFpYIcZpCBexU3y8BfZKR7f.jpg,en,"10751, 35, 878"
1084199,Companion,Companion,2025-01-22,36.453,7.1,1239,"During a weekend getaway at a secluded lakeside estate, a group of friends finds themselves entangled in a web of secrets, deception, and advanced technology. As tensions rise and loyalties are tested, they uncover unsettling truths about themselves and the world around them.",https://image.tmdb.org/t/p/w500/oCoTgC3UyWGfyQ9thE10ulWR7bn.jpg,https://image.tmdb.org/t/p/w500/sc1abgWNXc29wSBaerrjGBih06l.jpg,en,"27, 878, 53"
845781,Red One,Red One,2024-10-31,31.5158,7.048,2489,"After Santa Claus (codename: Red One) is kidnapped, the North Pole's Head of Security must team up with the world's most infamous tracker in a globe-trotting, action-packed mission to save Christmas.",https://image.tmdb.org/t/p/w500/cdqLnri3NEGcmfnqwk2TSIYtddg.jpg,https://image.tmdb.org/t/p/w500/rOmUuQEZfPXglwFs5ELLLUDKodL.jpg,en,"28, 35, 14"
385687,Fast X,Fast X,2023-05-17,34.3108,7.043,5884,"Over many missions and against impossible odds, Dom Toretto and his family have outsmarted, out-nerved and outdriven every foe in their path. Now, they confront the most lethal opponent they've ever faced: A terrifying threat emerging from the shadows of the past who's fueled by blood revenge, and who is determined to shatter this family and destroy everything—and everyone—that Dom loves, forever.",https://image.tmdb.org/t/p/w500/fiVW06jE7z9YnO4trhaMEdclSiC.jpg,https://image.tmdb.org/t/p/w500/4XM8DUTQb3lhLemJC51Jx4a2EuA.jpg,en,"28, 80, 53, 12, 9648"
38575,The Karate Kid,The Karate Kid,2010-06-10,27.5892,6.5,6160,"Twelve-year-old Dre Parker could have been the most popular kid in Detroit, but his mother's latest career move has landed him in China. Dre immediately falls for his classmate Mei Ying but the cultural differences make such a friendship impossible. Even worse, Dre's feelings make him an enemy of the class bully, Cheng. With no friends in a strange land, Dre has nowhere to turn but maintenance man Mr. Han, who is a kung fu master. As Han teaches Dre that kung fu is not about punches and parries, but maturity and calm, Dre realizes that facing down the bullies will be the fight of his life.",https://image.tmdb.org/t/p/w500/qV8xTWfknTOSErSa0b9Iay2QztS.jpg,https://image.tmdb.org/t/p/w500/fZFSvqWsN8bQiwVmJmcgeoL9awe.jpg,en,"28, 12, 18, 10751"
1297763,Batman Ninja vs. Yakuza League,ニンジャバットマン対ヤクザリーグ,2025-03-17,32.1818,6.6,153,"The Batman family has returned to the present to discover that Japan has disappeared, and a giant island - Hinomoto - is now in the sky over Gotham City.  At the top sit the Yakuza, a group of superpowered individuals who reign without honor or humanity and look suspiciously like the Justice League. Now, it’s up to Batman and his allies to save Gotham!",https://image.tmdb.org/t/p/w500/sVVT6GYFErVv0Lcc9NvqCu0iOxO.jpg,https://image.tmdb.org/t/p/w500/e807jDKiFcntZS32ze88X6I96OD.jpg,ja,"16, 28"
1077328,Fuks 2,Fuks 2,2023-12-25,31.1569,5.208,12,"Maciek is a bright and savvy 20-year-old, although he has to borrow money and a car for a date from his dad. His father, on his eighteenth birthday, set off an explosive device, stole a car, contributed to the wrecking of two police cars and deceived for big money a shady businessman. At the same time, he won the heart of a beautiful woman. So he set the bar high, and it will soon become clear whether his son has inherited his bravado and propensity for dangerous intrigue. All this will happen through a date that will connect him with two unpredictable women and draw him into a game at stake - big money and even bigger love.",https://image.tmdb.org/t/p/w500/r3yxvHMcIsefxh1iELl1EtjNlI5.jpg,https://image.tmdb.org/t/p/w500/khb8B5dXDD3tMutuduUxvCa7R1O.jpg,pl,"35, 28"
299536,Avengers: Infinity War,Avengers: Infinity War,2018-04-25,32.6378,8.236,30491,"As the Avengers and their allies have continued to protect the world from threats too large for any one hero to handle, a new danger has emerged from the cosmic shadows: Thanos. A despot of intergalactic infamy, his goal is to collect all six Infinity Stones, artifacts of unimaginable power, and use them to inflict his twisted will on all of reality. Everything the Avengers have fought for has led up to this moment - the fate of Earth and existence itself has never been more uncertain.",https://image.tmdb.org/t/p/w500/7WsyChQLEftFiDOVTGkv3hFpyyt.jpg,https://image.tmdb.org/t/p/w500/mDfJG3LC3Dqb67AZ52x3Z0jU0uB.jpg,en,"12, 28, 878"
1160956,Panda Plan,熊猫计划,2024-10-01,32.253,6.872,188,"International action star Jackie Chan is invited to the adoption ceremony of a rare baby panda, but after an international crime syndicate attempts to kidnap the bear, Jackie has to save the bear using his stunt work skills.",https://image.tmdb.org/t/p/w500/8iMPQl13q89jQhaA5nXb6UiT0t0.jpg,https://image.tmdb.org/t/p/w500/dXoBFj9Yl9HDRcDVQubkuVCh26N.jpg,zh,"28, 35"
945961,Alien: Romulus,Alien: Romulus,2024-08-13,32.6882,7.204,3591,"While scavenging the deep ends of a derelict space station, a group of young space colonizers come face to face with the most terrifying life form in the universe.",https://image.tmdb.org/t/p/w500/b33nnKl1GSFbao4l3fZDDqsMx0F.jpg,https://image.tmdb.org/t/p/w500/iJaSpQNZ8GsqVDWfbCXmyZQXZ5l.jpg,en,"27, 878"
1140535,Presence,Presence,2025-01-16,36.4787,6.007,306,"A couple and their children move into a seemingly normal suburban home. When strange events occur, they begin to believe there is something else in the house with them. The presence is about to disrupt their lives in unimaginable ways.",https://image.tmdb.org/t/p/w500/hZ8dTeBzigV5SVgwG1ikSROAFiS.jpg,https://image.tmdb.org/t/p/w500/kpWusrV8GePdx42GLJjZ7RJhkfz.jpg,en,"27, 18, 53"
1195430,Deva,देवा,2025-01-31,31.2922,6.043,46,"Dev Ambre, a ruthless cop, loses his memory in an accident just after he has finished solving a murder case and now has to reinvestigate it while keeping his memory loss a secret from everyone except DCP Farhan Khan.",https://image.tmdb.org/t/p/w500/qxtXzAlEPxmjHILU8k8wduvBSdo.jpg,https://image.tmdb.org/t/p/w500/lqHt4icP1GTaNBeVTxTrwTZdoAW.jpg,hi,"28, 53, 9648, 80"
995926,"I, the Executioner",베테랑 2,2024-09-13,32.3115,7.0,62,"The veteran detective Seo Do-cheol and his team at Major Crimes, relentless in their pursuit of criminals, join forces with rookie cop Park Sun-woo to track down a serial killer who has plunged the nation into turmoil.",https://image.tmdb.org/t/p/w500/gAtP0usArK5gVOBObnsENKLwML8.jpg,https://image.tmdb.org/t/p/w500/bA4Io3xv46oEyP4O51uU0EKbluF.jpg,ko,"28, 80"
1294203,My Fault: London,My Fault: London,2025-02-12,33.0599,7.465,385,"18-year-old Noah moves from America to London, with her mother who's recently fallen in love with William, a wealthy British businessman. Noah meets William’s son, bad-boy Nick, and soon discovers there is an attraction between them neither can avoid. As Noah spends the summer adjusting to her new life, her devastating past will catch up with her while falling in love for the first time.",https://image.tmdb.org/t/p/w500/ttN5D6GKOwKWHmCzDGctAvaNMAi.jpg,https://image.tmdb.org/t/p/w500/uJK0jjJ8QDOQw5lcNBwu059ht4D.jpg,en,"10749, 18"
569094,Spider-Man: Across the Spider-Verse,Spider-Man: Across the Spider-Verse,2023-05-31,33.3114,8.343,7537,"After reuniting with Gwen Stacy, Brooklyn’s full-time, friendly neighborhood Spider-Man is catapulted across the Multiverse, where he encounters the Spider Society, a team of Spider-People charged with protecting the Multiverse’s very existence. But when the heroes clash on how to handle a new threat, Miles finds himself pitted against the other Spiders and must set out on his own to save those he loves most.",https://image.tmdb.org/t/p/w500/8Vt6mWEReuy4Of61Lnj5Xj704m8.jpg,https://image.tmdb.org/t/p/w500/kVd3a9YeLGkoeR50jGEXM6EqseS.jpg,en,"16, 28, 12, 878"
1303236,GATAO: Like Father Like Son,角頭－大橋頭,2024-08-16,26.9403,7.1,9,"Drug Prince Michael and Scorpion are seizing the old fellows' turfs, the gangs families tornado spins three nobodies who are trying to survive. You'll never know who's gonna get bit by reality through the alternation of generations?",https://image.tmdb.org/t/p/w500/rJnpwN59avSW5vOu9BPiReHkQl4.jpg,https://image.tmdb.org/t/p/w500/cBBIk8jCSt6vIVJkaCwjjDLSMKH.jpg,zh,"80, 28"
375834,"It's Called 'Murder', Baby","It's Called 'Murder', Baby",1983-06-15,37.17,6.3,3,"In 1940s Los Angeles, private investigator Nick Popodopolis, is hired by actress Dixie Ray, to find her blackmailer.  Edited R version of adult film, Dixie Ray Hollywood Star.",https://image.tmdb.org/t/p/w500/3t0AGedAVSiVOu8614okkVRyU1i.jpg,https://image.tmdb.org/t/p/w500/skbP7avPgglI0ZfQXpnZlAu8whX.jpg,en,9648
829557,365 Days: This Day,365 dni: Ten dzień,2022-04-26,33.2706,5.9,1703,"Laura and Massimo are back and hotter than ever. But the reunited couple's new beginning is complicated by Massimo’s family ties and a mysterious man who enters Laura’s life to win her heart and trust, at any cost.",https://image.tmdb.org/t/p/w500/iLmG3HCXVyqXYbFvUO1rfOeGa3Z.jpg,https://image.tmdb.org/t/p/w500/y73agOAJDvO48WbvuRt4rZrcFw3.jpg,pl,"10749, 18"
278,The Shawshank Redemption,The Shawshank Redemption,1994-09-23,31.0458,8.71,28251,"Imprisoned in the 1940s for the double murder of his wife and her lover, upstanding banker Andy Dufresne begins a new life at the Shawshank prison, where he puts his accounting skills to work for an amoral warden. During his long stretch in prison, Dufresne comes to be admired by the other inmates -- including an older prisoner named Red -- for his integrity and unquenchable sense of hope.",https://image.tmdb.org/t/p/w500/9cqNxx0GxF0bflZmeSMuL5tnGzr.jpg,https://image.tmdb.org/t/p/w500/kXfqcdQKsToO0OUXHcrrNCHDBzO.jpg,en,"18, 80"
603,The Matrix,The Matrix,1999-03-31,34.6379,8.225,26342,"Set in the 22nd century, The Matrix tells the story of a computer hacker who joins a group of underground insurgents fighting the vast and powerful computers who now rule the earth.",https://image.tmdb.org/t/p/w500/dXNAPwY7VrqMAo51EKhhCJfaGb5.jpg,https://image.tmdb.org/t/p/w500/icmmSD4vTTDKOq2vvdulafOGw93.jpg,en,"28, 878"
353081,Mission: Impossible - Fallout,Mission: Impossible - Fallout,2018-07-13,31.7664,7.431,8462,"When an IMF mission ends badly, the world is faced with dire consequences. As Ethan Hunt takes it upon himself to fulfill his original briefing, the CIA begin to question his loyalty and his motives. The IMF team find themselves in a race against time, hunted by assassins while trying to prevent a global catastrophe.",https://image.tmdb.org/t/p/w500/AkJQpZp9WoNdj7pLYSj1L0RcMMN.jpg,https://image.tmdb.org/t/p/w500/aw4FOsWr2FY373nKSxbpNi3fz4F.jpg,en,"28, 12"
1208808,Turno nocturno,Turno nocturno,2024-12-05,29.5815,6.196,140,"A young nurse with a domestic abuse past starts working the night shift at a small hospital, where, during the night, the ghost of a nurse materializes.",https://image.tmdb.org/t/p/w500/iSSx9Bys64vlOkvkyKXtp19P7Re.jpg,https://image.tmdb.org/t/p/w500/o5vasl0xbZWWKQnAlaBTSgntHH2.jpg,es,27
1294947,Déjame estar contigo,Déjame estar contigo,2025-01-12,26.9248,7.339,28,"Lucía lives with an incurable disease, and Bruno was deported to Mexico with no place to sleep. An unexpected phone call brings them together in an emotional story of overcoming, reconstruction and hope.",https://image.tmdb.org/t/p/w500/g7CoOjbpKO9tAbQhyJgOB6iwrqV.jpg,https://image.tmdb.org/t/p/w500/qab3t7IsPygLnqQbdtjAyLmbNy6.jpg,es,"10749, 35, 18"
340666,Nocturnal Animals,Nocturnal Animals,2016-11-04,28.0889,7.423,7926,"Susan Morrow receives a book manuscript from her ex-husband – a man she left 20 years earlier – asking for her opinion of his writing. As she reads, she is drawn into the fictional life of Tony Hastings, a mathematics professor whose family vacation turns violent.",https://image.tmdb.org/t/p/w500/mdLDgQBD0va09npSQX5Zgo2evXM.jpg,https://image.tmdb.org/t/p/w500/5d6m8CIBQcHeiwr6R5ou4wxO9Vn.jpg,en,"18, 53"
1201176,Easter Bloody Easter,Easter Bloody Easter,2024-03-25,28.6517,4.5,6,A woman must protect her small town from the Jackalope (based on the mythical rabbit-antelope creature of North American folklore) and his army of devilish bunnies as they embark on a murder spree over the Easter weekend.,https://image.tmdb.org/t/p/w500/8tGYZlPttiOjEe61GvszRcrnpEi.jpg,https://image.tmdb.org/t/p/w500/lljZTHeXJ3mNt3IC5Kh7MPXVKeZ.jpg,en,"27, 35, 14"
1020414,Peter Pan's Neverland Nightmare,Peter Pan's Neverland Nightmare,2025-01-13,31.4233,4.887,62,"Wendy Darling strikes out in an attempt to rescue her brother Michael from the clutches of the evil Peter Pan who intends to send him to Neverland. Along the way she meets a twisted Tinkerbell, who is hooked on what she thinks is fairy dust.",https://image.tmdb.org/t/p/w500/mOR1Ks0EcXocwMV4EPv4letz0F5.jpg,https://image.tmdb.org/t/p/w500/nhx0ttmAS2w8e6hyIcKoNvgHoix.jpg,en,"27, 53, 14"
395834,Wind River,Wind River,2017-08-03,29.2413,7.436,5361,An FBI agent teams with the town's veteran game tracker to investigate a murder that occurred on a Native American reservation.,https://image.tmdb.org/t/p/w500/pySivdR845Hom4u4T2WNkJxe6Ad.jpg,https://image.tmdb.org/t/p/w500/kQGxGXzYiCumY8kmXXpgbZyZQK8.jpg,en,"80, 9648, 53"
1024864,Showdown in Yesteryear,Showdown in Yesteryear,2022-08-20,27.9739,6.9,5,"An aspiring cowboy encounters a mysterious door on a ranch. Upon opening it and stumbling through, he’s suddenly thrust back into time -- 160 years back in the old west -- where outlaws rule and life is dangerous…",https://image.tmdb.org/t/p/w500/haeJ7x1NPQEVF1IlpnmslQUTATD.jpg,https://image.tmdb.org/t/p/w500/l4ziDfrNJGcSro2cYuDGTw142Qj.jpg,en,"14, 37"
402,Basic Instinct,Basic Instinct,1992-03-20,29.7412,6.9,4026,"Catherine, a novelist with an insatiable sexual appetite, becomes a prime suspect when her boyfriend is brutally murdered -- a crime she had described in her latest story.",https://image.tmdb.org/t/p/w500/76Ts0yoHk8kVQj9MMnoMixhRWoh.jpg,https://image.tmdb.org/t/p/w500/zTwoyVOAc6XCLjYfzWER6oQgpbO.jpg,en,"53, 9648"
1147416,"Miraculous World: London, At the Edge of Time","Miraculous World : Londres, la course contre le temps",2024-11-14,29.5317,7.319,257,"To save the future from a terrible fate, Marinette becomes Chronobug and teams up with Bunnyx to defeat a mysterious opponent who travels through time. Who is this new supervillain, and why are they obsessed with exposing Marinette's secret superhero identity? Marinette's only hope is to defeat her new opponent to prevent the end of Ladybug and time itself!",https://image.tmdb.org/t/p/w500/6AtoMpHvs9pxd30KsyK8QmJ9W9M.jpg,https://image.tmdb.org/t/p/w500/cBTwQKMd7Vn6rGTGBtoFLIfj7uM.jpg,fr,"16, 12, 28, 14"
353491,The Dark Tower,The Dark Tower,2017-08-03,28.9496,5.77,5216,A boy haunted by visions of a parallel world aids its disillusioned guardian in preventing the destruction of the nexus of universes known as the Dark Tower.,https://image.tmdb.org/t/p/w500/i9GUSgddIqrroubiLsvvMRYyRy0.jpg,https://image.tmdb.org/t/p/w500/pVVobDO8cezhVPvwD6EBUN0g3mt.jpg,en,"14, 28, 878"
1312833,A Knight's War,A Knight's War,2025-02-07,28.0572,5.361,18,"A fearless knight braves a deadly realm to save the Chosen One’s soul. Facing witches, demons, and brutal foes, he discovers her return could ignite chaos and doom humanity.",https://image.tmdb.org/t/p/w500/janjdSMrTRGtPrI1p9uOX66jv7x.jpg,https://image.tmdb.org/t/p/w500/cJCW78MZsyyXBKHo4V25WctK00V.jpg,en,"27, 28, 14"
346698,Barbie,Barbie,2023-07-19,33.5139,6.975,9854,"Barbie and Ken are having the time of their lives in the colorful and seemingly perfect world of Barbie Land. However, when they get a chance to go to the real world, they soon discover the joys and perils of living among humans.",https://image.tmdb.org/t/p/w500/iuFNMS8U5cb6xfzi51Dbkovj7vM.jpg,https://image.tmdb.org/t/p/w500/mbYTRO33LJAgpCMrIn9ibiWHbMH.jpg,en,"35, 12"
384018,Fast & Furious Presents: Hobbs & Shaw,Fast & Furious Presents: Hobbs & Shaw,2019-08-01,28.9305,6.847,7366,"Ever since US Diplomatic Security Service Agent Hobbs and lawless outcast Shaw first faced off, they just have traded smack talk and body blows. But when cyber-genetically enhanced anarchist Brixton's ruthless actions threaten the future of humanity, they join forces to defeat him.",https://image.tmdb.org/t/p/w500/qRyy2UmjC5ur9bDi3kpNNRCc5nc.jpg,https://image.tmdb.org/t/p/w500/hpgda6P9GutvdkDX5MUJ92QG9aj.jpg,en,"28, 12, 35"
11,Star Wars,Star Wars,1977-05-25,30.5618,8.204,21124,Princess Leia is captured and held hostage by the evil Imperial forces in their effort to take over the galactic Empire. Venturesome Luke Skywalker and dashing captain Han Solo team together with the loveable robot duo R2-D2 and C-3PO to rescue the beautiful princess and restore peace and justice in the Empire.,https://image.tmdb.org/t/p/w500/6FfCtAuVAW8XJjZ7eWeLibRLWTw.jpg,https://image.tmdb.org/t/p/w500/2w4xG178RpB4MDAIfTkqAuSJzec.jpg,en,"12, 28, 878"
1195585,The Hard Hit,The Hard Hit,2023-10-20,28.1313,6.8,18,"An Interpol agent hunting the head of a global crime syndicate tracks his target to Las Vegas, but when the criminal organization kills his wife and daughter, he goes above the law to get his revenge.",https://image.tmdb.org/t/p/w500/whkFbOZTamHeugEG95jvQehSzAH.jpg,https://image.tmdb.org/t/p/w500/fzv87rT0jlAkh5Uf9PpIlUj6Nj8.jpg,en,"28, 53, 80"
98,Gladiator,Gladiator,2000-05-04,26.827,8.219,19653,"After the death of Emperor Marcus Aurelius, his devious son takes power and demotes Maximus, one of Rome's most capable generals who Marcus preferred. Eventually, Maximus is forced to become a gladiator and battle to the death against other men for the amusement of paying audiences.",https://image.tmdb.org/t/p/w500/ty8TGRuvJLPUmAR1H1nRIsgwvim.jpg,https://image.tmdb.org/t/p/w500/Ar7QuJ7sJEiC0oP3I8fKBKIQD9u.jpg,en,"28, 18, 12"
671,Harry Potter and the Philosopher's Stone,Harry Potter and the Philosopher's Stone,2001-11-16,29.2786,7.902,28176,"Harry Potter has lived under the stairs at his aunt and uncle's house his whole life. But on his 11th birthday, he learns he's a powerful wizard—with a place waiting for him at the Hogwarts School of Witchcraft and Wizardry. As he learns to harness his newfound powers with the help of the school's kindly headmaster, Harry uncovers the truth about his parents' deaths—and about the villain who's to blame.",https://image.tmdb.org/t/p/w500/wuMc08IPKEatf9rnMNXvIDxqP4W.jpg,https://image.tmdb.org/t/p/w500/bfh9Z3Ghz4FOJAfLOAhmc3ccnHU.jpg,en,"12, 14"
281338,War for the Planet of the Apes,War for the Planet of the Apes,2017-07-11,27.5468,7.206,9226,"Caesar and his apes are forced into a deadly conflict with an army of humans led by a ruthless Colonel. After the apes suffer unimaginable losses, Caesar wrestles with his darker instincts and begins his own mythic quest to avenge his kind. As the journey finally brings them face to face, Caesar and the Colonel are pitted against each other in an epic battle that will determine the fate of both their species and the future of the planet.",https://image.tmdb.org/t/p/w500/mMA1qhBFgZX8O36qPPTC016kQl1.jpg,https://image.tmdb.org/t/p/w500/ulMscezy9YX0bhknvJbZoUgQxO5.jpg,en,"18, 878, 10752"
1096838,Here After,Here After,2024-07-25,28.2013,5.316,68,"When her teen daughter displays increasingly disturbing behavior after a near death experience, a mother becomes convinced the girl brought something evil back from the other side.",https://image.tmdb.org/t/p/w500/by3EEDIVTdhNJolYK2Msn1RHRFH.jpg,https://image.tmdb.org/t/p/w500/gJduZE3cAmLVQknEfiR5t0vT4Ie.jpg,en,"27, 53"
181812,Star Wars: The Rise of Skywalker,Star Wars: The Rise of Skywalker,2019-12-18,28.7649,6.299,10167,"The surviving Resistance faces the First Order once again as the journey of Rey, Finn and Poe Dameron continues. With the power and knowledge of generations behind them, the final battle begins.",https://image.tmdb.org/t/p/w500/db32LaOibwEliAmSL2jjDF6oDdj.jpg,https://image.tmdb.org/t/p/w500/auJKGst3vXpJozHZh4nMFs0xWIU.jpg,en,"12, 28, 878"
235,Stand by Me,Stand by Me,1986-08-08,26.3171,7.855,6055,"After learning that a boy their age has been accidentally killed near their rural homes, four Oregon boys decide to go see the body. On the way, Gordie,  Vern, Chris and Teddy encounter a mean junk man and a marsh full of leeches, as they also learn more about one another and their very different home lives. Just a lark at first, the boys' adventure evolves into a defining event in their lives.",https://image.tmdb.org/t/p/w500/vz0w9BSehcqjDcJOjRaCk7fgJe7.jpg,https://image.tmdb.org/t/p/w500/yjGllQUm28R4X9xD9T5xMszirgw.jpg,en,"80, 18"
1035048,Elevation,Elevation,2024-11-07,29.6117,6.495,698,A single father and two women venture from the safety of their homes to face monstrous creatures to save the life of a young boy.,https://image.tmdb.org/t/p/w500/tnfc0NJ3BzhJrGJhkkEd6MHBdq5.jpg,https://image.tmdb.org/t/p/w500/au3o84ub27qTZiMiEc9UYzN74V3.jpg,en,"28, 878, 53"
715287,Stepmom's Desire,새엄마의 욕망,2020-05-29,31.0521,6.8,17,"Sang-jin, who was envious of her neighbor after getting a beautiful wife, Ask your wife's friend Gian to take over the son's extracurricular teacher, Sang-jin, who left work early, accidentally sees Gian's shower. A man who wants to have sex with his son's tutor, And a son who wants to have a good time with a young stepmom, Ji-an and Jin-hee, who want money, are disappointed with her husband, and Bin-jin gives her body to a young son.",https://image.tmdb.org/t/p/w500/rYC6UyML4CU4zYiZVbDMrwnGyWW.jpg,https://image.tmdb.org/t/p/w500/54mPXhtaUejdQtaCYeJPJP8ZfXX.jpg,ko,"18, 10749"
774370,Dog Man,Dog Man,2025-01-24,26.3596,7.781,235,"When a faithful police dog and his human police officer owner are injured together on the job, a harebrained but life-saving surgery fuses the two of them together and Dog Man is born. Dog Man is sworn to protect and serve—and fetch, sit and roll over. As Dog Man embraces his new identity and strives to impress his Chief, he must stop the pretty evil plots of feline supervillain Petey the Cat.",https://image.tmdb.org/t/p/w500/89wNiexZdvLQ41OQWIsQy4O6jAQ.jpg,https://image.tmdb.org/t/p/w500/w1SjvuBifhtFwe3BSssXXFyV6bk.jpg,en,"10751, 35, 12, 16"
464052,Wonder Woman 1984,Wonder Woman 1984,2020-12-16,26.563,6.412,8603,A botched store robbery places Wonder Woman in a global battle against a powerful and mysterious ancient force that puts her powers in jeopardy.,https://image.tmdb.org/t/p/w500/8UlWHLMpgZm9bx6QYh0NFoq67TZ.jpg,https://image.tmdb.org/t/p/w500/XSTGtPVegdHD1xy5GPuK0tURTQ.jpg,en,"28, 12, 14"
1212855,Fight or Flight,Fight or Flight,2025-04-03,28.9131,5.7,69,A mercenary takes on the job of tracking down a target on a plane but must protect her when they're surrounded by people trying to kill both of them.,https://image.tmdb.org/t/p/w500/x4nWnfgJvL045rcUCSJzfgIIY9i.jpg,https://image.tmdb.org/t/p/w500/3ExQ28MVRaBbJFI2br5NjLyXVO1.jpg,en,"28, 35, 53"
259872,Skin. Like. Sun.,Des jours plus belles que la nuit,2009-10-10,30.1147,5.72,91,"Real-life young couple Wim and Floor spend an afternoon in the sunwashed rooms of a crumbling home in Belgium. In a unique twist, this artistic erotic documentary is edited in nearly real-time. In the slowness, we get the build, the sweetness, and the sexiness. Forget about fingersnapping fast editing. Slow is where it’s at.",https://image.tmdb.org/t/p/w500/uCkANtG6ezb7hjRKVudY3PUcbvn.jpg,https://image.tmdb.org/t/p/w500/dzY2ZYyPRbXcw8UOupHK3V5VQYk.jpg,fr,10749
14836,Coraline,Coraline,2009-02-05,28.8246,7.892,8363,"Wandering her rambling old house in her boring new town, 11-year-old Coraline discovers a hidden door to a strangely idealized version of her life. In order to stay in the fantasy, she must make a frighteningly real sacrifice.",https://image.tmdb.org/t/p/w500/4jeFXQYytChdZYE9JYO7Un87IlW.jpg,https://image.tmdb.org/t/p/w500/91BAmpop4AJ5Pf7E0zuQiHdSV4Q.jpg,en,"16, 10751, 14"
808,Shrek,Shrek,2001-05-18,27.6212,7.751,17653,"It ain't easy bein' green -- especially if you're a likable (albeit smelly) ogre named Shrek. On a mission to retrieve a gorgeous princess from the clutches of a fire-breathing dragon, Shrek teams up with an unlikely compatriot -- a wisecracking donkey.",https://image.tmdb.org/t/p/w500/iB64vpL3dIObOtMZgX3RqdVdQDc.jpg,https://image.tmdb.org/t/p/w500/sRvXNDItGlWCqtO3j6wks52FmbD.jpg,en,"16, 35, 14, 12, 10751"
1056108,Summer Holiday,Aam Kathaler Chhuti,2023-08-18,31.3658,7.0,1,"An eight-year-old city boy Shuvo is restricted from mixing with others. He goes to spend the summer holiday in the village with his grandmother and enjoys freedom for the first time. Here, Shuvo meets Moinna whom everybody believes is a ""bee fated"" boy that gets attacked by the bees wherever he goes. Bitten by honey bees, recently Moinna has been captivated at home under the strict surveillance of his mother. Feeling claustrophobic, Moinna conspires with his younger brother Anaira to get out of home exploiting Shuvo. Wandering around the village with Moinna, Shuvo starts discovering a new world but suddenly Moinna is found missing.",https://image.tmdb.org/t/p/w500/l2C23kj92Wcq57cpAaVDaiIN5pm.jpg,https://image.tmdb.org/t/p/w500/tzddIzMgudpGQmD3mPkcOBgf5yf.jpg,bn,18
48650,Room in Rome,Habitación en Roma,2010-05-07,26.5246,6.404,768,"A hotel room in the center of Rome serves as the setting for Alba and Natasha, two sexy and recently acquainted women, to have a physical adventure that touches their very souls.",https://image.tmdb.org/t/p/w500/gx2ENSap1D4nbjcz7cLLAs4S3fy.jpg,https://image.tmdb.org/t/p/w500/30TgnSvXiL7NQoQ5WWwHqw0FRhA.jpg,es,"18, 10749"
411,"The Chronicles of Narnia: The Lion, the Witch and the Wardrobe","The Chronicles of Narnia: The Lion, the Witch and the Wardrobe",2005-12-07,27.0084,7.133,10907,"Siblings Lucy, Edmund, Susan and Peter step through a magical wardrobe and find the land of Narnia. There, they discover a charming, once peaceful kingdom that has been plunged into eternal winter by the evil White Witch, Jadis. Aided by the wise and magnificent lion, Aslan, the children lead Narnia into a spectacular, climactic battle to be free of the Witch's glacial powers forever.",https://image.tmdb.org/t/p/w500/iREd0rNCjYdf5Ar0vfaW32yrkm.jpg,https://image.tmdb.org/t/p/w500/AuV99eQivVWuk2AOSM6hYh9QRPQ.jpg,en,"12, 10751, 14"
1388366,Popeye the Slayer Man,Popeye the Slayer Man,2025-03-21,26.5365,5.967,92,"A curious group of friends sneak into an abandoned spinach canning factory to film a documentary on the legend of the ""Sailor Man,"" who is said to haunt the factory and local docks.",https://image.tmdb.org/t/p/w500/nVwu3mN7hr1yF467pGct3yQFM41.jpg,https://image.tmdb.org/t/p/w500/xkjWiRQtrenqGRWO2Enry2JIl4d.jpg,en,27
1118031,Apocalypse Z: The Beginning of the End,Apocalipsis Z: el principio del fin,2024-10-04,28.5519,6.717,1053,"When a kind of rabies that transforms people into aggressive creatures spreads across the planet, Manel isolates himself at home with his cat, relying on his wits to survive; but soon they must go out in search of food, by land and by sea, dodging many dangers.",https://image.tmdb.org/t/p/w500/wIGJnIFQlESkC2rLpfA8EDHqk4g.jpg,https://image.tmdb.org/t/p/w500/lTYGtgDRygku7iiFLWyiEc4wLzz.jpg,es,"18, 28, 27"
1321326,The Haunted Apartment “Miss K”,Panggonan Wingit 2 “Miss K”,2024-12-25,28.0866,7.6,5,"Apartment 610 holds a dark and terrifying secret: anyone who enters it will die within four days. Can Alma and her sister, Mia, escape the curse?",https://image.tmdb.org/t/p/w500/uLJFPFIezEQsUWN4WpbNaofysj1.jpg,https://image.tmdb.org/t/p/w500/zmaytJXQgaoDZcFH2Z0EqRhuTS3.jpg,id,"27, 53, 9648"
458156,John Wick: Chapter 3 - Parabellum,John Wick: Chapter 3 - Parabellum,2019-05-15,26.4249,7.443,10946,"Super-assassin John Wick returns with a $14 million price tag on his head and an army of bounty-hunting killers on his trail. After killing a member of the shadowy international assassin’s guild, the High Table, John Wick is excommunicado, but the world’s most ruthless hit men and women await his every turn.",https://image.tmdb.org/t/p/w500/ziEuG1essDuWuC5lpWUaw1uXY2O.jpg,https://image.tmdb.org/t/p/w500/vVpEOvdxVBP2aV166j5Xlvb5Cdc.jpg,en,"28, 53, 80"
155,The Dark Knight,The Dark Knight,2008-07-16,27.4199,8.52,33804,"Batman raises the stakes in his war on crime. With the help of Lt. Jim Gordon and District Attorney Harvey Dent, Batman sets out to dismantle the remaining criminal organizations that plague the streets. The partnership proves to be effective, but they soon find themselves prey to a reign of chaos unleashed by a rising criminal mastermind known to the terrified citizens of Gotham as the Joker.",https://image.tmdb.org/t/p/w500/qJ2tW6WMUDux911r6m7haRef0WH.jpg,https://image.tmdb.org/t/p/w500/oOv2oUXcAaNXakRqUPxYq5lJURz.jpg,en,"18, 28, 80, 53"
573435,Bad Boys: Ride or Die,Bad Boys: Ride or Die,2024-06-05,27.6894,7.383,2872,"After their late former Captain is framed, Lowrey and Burnett try to clear his name, only to end up on the run themselves.",https://image.tmdb.org/t/p/w500/oGythE98MYleE6mZlGs5oBGkux1.jpg,https://image.tmdb.org/t/p/w500/3q01ACG0MWm0DekhvkPFCXyPZSu.jpg,en,"28, 35, 80, 53, 12"
1011985,Kung Fu Panda 4,Kung Fu Panda 4,2024-03-02,29.1783,7.07,3061,"Po is gearing up to become the spiritual leader of his Valley of Peace, but also needs someone to take his place as Dragon Warrior. As such, he will train a new kung fu practitioner for the spot and will encounter a villain called the Chameleon who conjures villains from the past.",https://image.tmdb.org/t/p/w500/nqXsAaQsKw2gKpkfhIgjXNDRqg7.jpg,https://image.tmdb.org/t/p/w500/kYgQzzjNis5jJalYtIHgrom0gOx.jpg,en,"16, 10751, 28, 35, 12, 14"
337401,Mulan,Mulan,2020-09-04,25.5802,6.866,6771,"When the Emperor of China issues a decree that one man per family must serve in the Imperial Chinese Army to defend the country from Huns, Hua Mulan, the eldest daughter of an honored warrior, steps in to take the place of her ailing father. She is spirited, determined and quick on her feet. Disguised as a man by the name of Hua Jun, she is tested every step of the way and must harness her innermost strength and embrace her true potential.",https://image.tmdb.org/t/p/w500/aKx1ARwG55zZ0GpRvU2WrGrCG9o.jpg,https://image.tmdb.org/t/p/w500/zMrk2G3XsnfYKiIp1NEfdtvDyBH.jpg,en,"12, 14, 28, 10751"
383498,Deadpool 2,Deadpool 2,2018-05-15,25.7694,7.49,18349,Wisecracking mercenary Deadpool battles the evil and powerful Cable and other bad guys to save a boy's life.,https://image.tmdb.org/t/p/w500/to0spRl1CMDvyUbOnbb4fTk3VAd.jpg,https://image.tmdb.org/t/p/w500/3P52oz9HPQWxcwHOwxtyrVV1LKi.jpg,en,"28, 35, 12"
1261050,The Quiet Ones,De lydløse,2024-10-31,25.2501,5.83,44,"In 2008, a group of men from Denmark and across Europe pull off the biggest heist of all time on Danish soil. Kasper, a boxer with few chances left in life, is offered the opportunity to plan the robbery by its foreign initiators.",https://image.tmdb.org/t/p/w500/7NLY1jNwtZX1yVzwVoBeAhaBE8i.jpg,https://image.tmdb.org/t/p/w500/9OO6I25MHhCDd0XwNk4oZl0fpwB.jpg,da,"28, 18"
330980,Box Room,Box Room,2014-03-08,33.9985,5.3,9,"Jerry is a strange and solitary boy who lives with his young neglectful mother in a run down apartment. He spends his weekends hidden away in his bedroom making model figurines and watching TV alone. While investigating a damp stain on his bedroom wall, Jerry peels off some wallpaper, revealing a seductive alien orifice growing behind the plaster. After spending an ever increasing amount of time in his bedroom exploring and inspecting the alien creature, Jerry embarks on his first sexual experience. After numerous encounters between Jerry and the creature, it becomes pregnant. Filled with panic and guilt, Jerry attempts to abort the alien creature, leading to a horrific outcome which neither himself nor his mother will ever forget.",https://image.tmdb.org/t/p/w500/nQK0m0n6yVlL3oLkUt5ZI1w6fnG.jpg,,en,"878, 18, 27"
1249289,Alarum,Alarum,2025-01-16,25.2256,5.748,268,"Two married spies caught in the crosshairs of an international intelligence network will stop at nothing to obtain a critical asset. Joe and Lara are agents living off the grid whose quiet retreat at a winter resort is blown to shreds when members of the old guard suspect the two may have joined an elite team of rogue spies, known as Alarum.",https://image.tmdb.org/t/p/w500/v313aUGmMNj6yNveaiQXysBmjVS.jpg,https://image.tmdb.org/t/p/w500/qSOMdbZ6AOdHR999HWwVAh6ALFI.jpg,en,"28, 80, 53"
36557,Casino Royale,Casino Royale,2006-11-14,26.2786,7.558,10952,"Le Chiffre, a banker to the world's terrorists, is scheduled to participate in a high-stakes poker game in Montenegro, where he intends to use his winnings to establish his financial grip on the terrorist market. M sends Bond—on his maiden mission as a 00 Agent—to attend this game and prevent Le Chiffre from winning. With the help of Vesper Lynd and Felix Leiter, Bond enters the most important poker game in his already dangerous career.",https://image.tmdb.org/t/p/w500/lMrxYKKhd4lqRzwUHAy5gcx9PSO.jpg,https://image.tmdb.org/t/p/w500/klJMCIblHLFwCuGjKz7tyOpekIC.jpg,en,"12, 28, 53"
634649,Spider-Man: No Way Home,Spider-Man: No Way Home,2021-12-15,24.6091,7.9,20730,"Peter Parker is unmasked and no longer able to separate his normal life from the high-stakes of being a super-hero. When he asks for help from Doctor Strange the stakes become even more dangerous, forcing him to discover what it truly means to be Spider-Man.",https://image.tmdb.org/t/p/w500/1g0dhYtq4irTY1GPXvft6k4YLjm.jpg,https://image.tmdb.org/t/p/w500/zD5v1E4joAzFvmAEytt7fM3ivyT.jpg,en,"28, 12, 878"
402431,Wicked,Wicked,2024-11-20,27.7445,6.939,2101,"In the land of Oz, ostracized and misunderstood green-skinned Elphaba is forced to share a room with the popular aristocrat Glinda at Shiz University, and the two's unlikely friendship is tested as they begin to fulfill their respective destinies as Glinda the Good and the Wicked Witch of the West.",https://image.tmdb.org/t/p/w500/xDGbZ0JJ3mYaGKy4Nzd9Kph6M9L.jpg,https://image.tmdb.org/t/p/w500/jTOeWjamUKGxWVUO1TMZXqQUarw.jpg,en,"18, 10749, 14"
