id,title,popularity,trending_score,release_date,poster_url,overview
986056,Thunderbolts*,417.2589,7.552,2025-04-30,https://image.tmdb.org/t/p/w500/m9EtP1Yrzv6v7dMaC9mRaGhd1um.jpg,"After finding themselves ensnared in a death trap, seven disillusioned castoffs must embark on a dangerous mission that will force them to confront the darkest corners of their pasts."
1241436,Warfare,436.2016,7.2,2025-04-09,https://image.tmdb.org/t/p/w500/j8tqBXwH2PxBPzbtO19BTF9Ukbf.jpg,"A platoon of Navy SEALs embarks on a dangerous mission in Ramadi, Iraq, with the chaos and brotherhood of war retold through their memories of the event."
974576,Conclave,112.7404,7.2,2024-10-25,https://image.tmdb.org/t/p/w500/l4WXg5oQPK6GVlISKQNIUGb8rKJ.jpg,"After the unexpected death of the Pope, Cardinal Lawrence is tasked with managing the covert and ancient ritual of electing a new one. Sequestered in the Vatican with the Catholic Church’s most powerful leaders until the process is complete, Lawrence finds himself at the center of a conspiracy that could lead to its downfall."
974573,Another Simple Favor,159.7246,6.122,2025-03-07,https://image.tmdb.org/t/p/w500/zboCGZ4aIqPMd7VFI4HWnmc7KYJ.jpg,"Stephanie and Emily reunite on the beautiful island of Capri, Italy for Emily's extravagant wedding to a rich Italian businessman. Along with the glamorous guests, expect murder and betrayal to RSVP for a wedding with more twists and turns than the road from the Marina Grande to the Capri town square."
1233413,Sinners,149.8042,7.572,2025-04-16,https://image.tmdb.org/t/p/w500/jYfMTSiFFK7ffbY2lay4zyvTkEk.jpg,"Trying to leave their troubled lives behind, twin brothers return to their hometown to start again, only to discover that an even greater evil is waiting to welcome them back."
668489,Havoc,238.6355,6.574,2025-04-24,https://image.tmdb.org/t/p/w500/r46leE6PSzLR3pnVzaxx5Q30yUF.jpg,"When a drug heist swerves lethally out of control, a jaded cop fights his way through a corrupt city's criminal underworld to save a politician's son."
1233069,Exterritorial,505.1585,6.731,2025-04-29,https://image.tmdb.org/t/p/w500/jM2uqCZNKbiyStyzXOERpMqAbdx.jpg,"When her son vanishes inside a US consulate, ex-special forces soldier Sara does everything in her power to find him — and uncovers a dark conspiracy."
1144430,Last Bullet,360.8958,7.5,2025-05-06,https://image.tmdb.org/t/p/w500/qycPITRqXgPai7zj1gKffjCdSB5.jpg,Car genius Lino returns to conclude his vendetta against Areski and the corrupt commander who ruined their lives in this turbo-charged trilogy finale.
1233575,Black Bag,26.0192,6.328,2025-03-12,https://image.tmdb.org/t/p/w500/hHPovtU4b96LHcoeEwRkGHI5btw.jpg,"When intelligence agent Kathryn Woodhouse is suspected of betraying the nation, her husband – also a legendary agent – faces the ultimate test of whether to be loyal to his marriage, or his country."
822119,Captain America: Brave New World,212.8605,6.1,2025-02-12,https://image.tmdb.org/t/p/w500/pzIddUEMWhWzfvLI3TwxUG2wGoi.jpg,"After meeting with newly elected U.S. President Thaddeus Ross, Sam finds himself in the middle of an international incident. He must discover the reason behind a nefarious global plot before the true mastermind has the entire world seeing red."
1249213,Drop,93.5279,6.549,2025-04-10,https://image.tmdb.org/t/p/w500/dS2S5lpfgRIRQOb7LDCjNsQqKjp.jpg,"Violet, a widowed mother on her first date in years, arrives at an upscale restaurant where she is relieved that her date, Henry, is more charming and handsome than she expected. But their chemistry begins to curdle as Violet begins being irritated and then terrorized by a series of anonymous drops to her phone."
1153714,Death of a Unicorn,198.8344,6.4,2025-03-27,https://image.tmdb.org/t/p/w500/lXR32JepFwD1UHkplWqtBP1K79z.jpg,"A father and daughter accidentally hit and kill a unicorn while en route to a weekend retreat, where his billionaire boss seeks to exploit the creature’s miraculous curative properties."
1244944,The Woman in the Yard,59.5214,6.2,2025-03-27,https://image.tmdb.org/t/p/w500/n0WS2TsNcS6dtaZKzxipyO7LuCJ.jpg,"In the aftermath of her husband's death, widow Ramona's struggle to raise her two kids is hindered by the arrival of a mysterious woman with supernatural abilities."
870028,The Accountant²,74.7749,7.237,2025-04-23,https://image.tmdb.org/t/p/w500/kMDUS7VmFhb2coRfVBoGLR8ADBt.jpg,"When an old acquaintance is murdered, Wolff is compelled to solve the case. Realizing more extreme measures are necessary, Wolff recruits his estranged and highly lethal brother, Brax, to help. In partnership with Marybeth Medina, they uncover a deadly conspiracy, becoming targets of a ruthless network of killers who will stop at nothing to keep their secrets buried."
574475,Final Destination Bloodlines,63.3385,6.9,2025-05-09,https://image.tmdb.org/t/p/w500/cAoktVUBhGyULRoxV6mZ2LB3x7I.jpg,"Plagued by a violent recurring nightmare, college student Stefanie heads home to track down the one person who might be able to break the cycle and save her family from the grisly demise that inevitably awaits them all."
1317088,The Assessment,25.9509,7.0,2025-03-21,https://image.tmdb.org/t/p/w500/o1K7be85FAauSbVPzCQ0GjOXUqu.jpg,"In a climate change-ravaged world, a utopian society optimizes life, including parenthood assessments. A successful couple faces scrutiny by an evaluator over seven days to determine their fitness for childbearing."
950387,A Minecraft Movie,276.6921,6.164,2025-03-31,https://image.tmdb.org/t/p/w500/iPPTGh2OXuIv6d7cwuoPkw8govp.jpg,"Four misfits find themselves struggling with ordinary problems when they are suddenly pulled through a mysterious portal into the Overworld: a bizarre, cubic wonderland that thrives on imagination. To get back home, they'll have to master this world while embarking on a magical quest with an unexpected, expert crafter, Steve."
762509,Mufasa: The Lion King,81.9831,7.4,2024-12-18,https://image.tmdb.org/t/p/w500/lurEK87kukWNaHd0zYnsi3yzJrs.jpg,"Mufasa, a cub lost and alone, meets a sympathetic lion named Taka, the heir to a royal bloodline. The chance meeting sets in motion an expansive journey of a group of misfits searching for their destiny."
11,Star Wars,30.5618,8.204,1977-05-25,https://image.tmdb.org/t/p/w500/6FfCtAuVAW8XJjZ7eWeLibRLWTw.jpg,Princess Leia is captured and held hostage by the evil Imperial forces in their effort to take over the galactic Empire. Venturesome Luke Skywalker and dashing captain Han Solo team together with the loveable robot duo R2-D2 and C-3PO to rescue the beautiful princess and restore peace and justice in the Empire.
1151039,Nonnas,2.8821,6.667,2025-05-09,https://image.tmdb.org/t/p/w500/lZEOKj5wtgUGpaQkzJRl7cjEv21.jpg,"After losing his beloved mother, a man risks everything to honor her by opening an Italian restaurant with actual nonnas — grandmothers — as the chefs."
1011477,Karate Kid: Legends,45.742,9.667,2025-05-08,https://image.tmdb.org/t/p/w500/ckI6bmQDvvGy20FPTIW1kfGKGRK.jpg,"After a family tragedy, kung fu prodigy Li Fong is uprooted from his home in Beijing and forced to move to New York City with his mother. When a new friend needs his help, Li enters a karate competition – but his skills alone aren't enough. Li's kung fu teacher Mr. Han enlists original Karate Kid Daniel LaRusso for help, and Li learns a new way to fight, merging their two styles into one for the ultimate martial arts showdown."
710258,Rust,302.2244,6.4,2025-05-01,https://image.tmdb.org/t/p/w500/tbJ3RkA2s6X5qrBzrYHYTxvDBui.jpg,"Infamous outlaw Harland Rust breaks his estranged grandson Lucas out of prison, after Lucas is convicted to hang for an accidental murder. The two must outrun legendary U.S Marshal Wood Helm and bounty hunter Fenton ""Preacher"" Lang who are hot on their tails. Deeply buried secrets rise from the ashes and an unexpected familial bond begins to form as the mismatched duo tries to survive the merciless American Frontier."
575265,Mission: Impossible - The Final Reckoning,62.0192,0.0,2025-05-17,https://image.tmdb.org/t/p/w500/z53D72EAOxGRqdr7KXXWp9dJiDe.jpg,"Ethan Hunt and the IMF team continue their search for the terrifying AI known as the Entity — which has infiltrated intelligence networks all over the globe — with the world's governments and a mysterious ghost from Ethan's past on their trail. Joined by new allies and armed with the means to shut the Entity down for good, Hunt is in a race against time to prevent the world as we know it from changing forever."
533535,Deadpool & Wolverine,50.4412,7.598,2024-07-24,https://image.tmdb.org/t/p/w500/8cdWjvZQUExUUTzyp4t6EDMubfO.jpg,"A listless Wade Wilson toils away in civilian life with his days as the morally flexible mercenary, Deadpool, behind him. But when his homeworld faces an existential threat, Wade must reluctantly suit-up again with an even more reluctant Wolverine."
696506,Mickey 17,44.6549,6.896,2025-02-28,https://image.tmdb.org/t/p/w500/edKpE9B5qN3e559OuMCLZdW1iBZ.jpg,"Unlikely hero Mickey Barnes finds himself in the extraordinary circumstance of working for an employer who demands the ultimate commitment to the job… to die, for a living."
1064213,Anora,35.0435,7.042,2024-10-14,https://image.tmdb.org/t/p/w500/7MrgIUeq0DD2iF7GR6wqJfYZNeC.jpg,"A young sex worker from Brooklyn gets her chance at a Cinderella story when she meets and impulsively marries the son of an oligarch. Once the news reaches Russia, her fairytale is threatened as his parents set out to get the marriage annulled."
484247,A Simple Favor,31.2213,6.638,2018-09-13,https://image.tmdb.org/t/p/w500/aIYsjQM0piKc0ibPBCTWv3sqshj.jpg,"Stephanie, a dedicated mother and popular vlogger, befriends Emily, a mysterious upper-class woman whose son Nicky attends the same school as Miles, Stephanie's son. When Emily asks her to pick Nicky up from school and then disappears, Stephanie undertakes an investigation that will dive deep into Emily's cloudy past."
1895,Star Wars: Episode III - Revenge of the Sith,22.3702,7.44,2005-05-17,https://image.tmdb.org/t/p/w500/xfSAoBEm9MNBjmlNcDYLvLSMlnq.jpg,The evil Darth Sidious enacts his final plan for unlimited power – and the heroic Jedi Anakin Skywalker must choose a side.
931349,Ash,49.0315,5.361,2025-03-20,https://image.tmdb.org/t/p/w500/nRa8B3tQCUK6pVwjasIyQehbvpF.jpg,A woman wakes up on a distant planet and finds the crew of her space station viciously killed. Her investigation into what happened sets in motion a terrifying chain of events.
1307520,The Biggest Fan,86.5228,4.769,2025-05-01,https://image.tmdb.org/t/p/w500/wgUmsekYPOt9ZQ8ero91qRnmhQY.jpg,"Canceled in Hollywood, star Lana Cruz heads to her hometown for a comeback. Enter Polly, her fan-turned-frenemy. Can Lana dodge drama and reclaim her fame?"
1891,The Empire Strikes Back,12.3364,8.393,1980-05-20,https://image.tmdb.org/t/p/w500/nNAeTmF4CtdSgMDplXTDPOpYzsX.jpg,"The epic saga continues as Luke Skywalker, in hopes of defeating the evil Galactic Empire, learns the ways of the Jedi from aging master Yoda. But Darth Vader is more determined than ever to capture Luke. Meanwhile, rebel leader Princess Leia, cocky Han Solo, Chewbacca, and droids C-3PO and R2-D2 are thrown into various stages of capture, betrayal and despair."
558449,Gladiator II,41.6454,6.7,2024-11-13,https://image.tmdb.org/t/p/w500/2cxhvwyEwRlysAmRH4iodkvo0z5.jpg,"Years after witnessing the death of the revered hero Maximus at the hands of his uncle, Lucius is forced to enter the Colosseum after his home is conquered by the tyrannical Emperors who now lead Rome with an iron fist. With rage in his heart and the future of the Empire at stake, Lucius must look to his past to find strength and honor to return the glory of Rome to its people."
1288070,The Luckiest Man in America,9.2478,6.313,2025-04-04,https://image.tmdb.org/t/p/w500/etJwfiUR0gtQwH8shhwjRr5bARQ.jpg,"1984; Michael Larson, an unemployed ice-cream truck driver from Ohio, steps onto the game show ""Press Your Luck"" harboring a secret: the key to endless amounts of money. But his winning streak is threatened when the executives in the control room start to uncover his real motivations."
1197306,A Working Man,363.5091,6.505,2025-03-26,https://image.tmdb.org/t/p/w500/6FRFIogh3zFnVWn7Z6zcYnIbRcX.jpg,"Levon Cade left behind a decorated military career in the black ops to live a simple life working construction. But when his boss's daughter, who is like family to him, is taken by human traffickers, his search to bring her home uncovers a world of corruption far greater than he ever could have imagined."
348,Alien,40.8166,8.163,1979-05-25,https://image.tmdb.org/t/p/w500/vfrQk5IPloGg1v9Rzbh2Eg3VGyM.jpg,"During its return to the earth, commercial spaceship Nostromo intercepts a distress signal from a distant planet. When a three-member team of the crew discovers a chamber containing thousands of eggs on the planet, a creature inside one of the eggs attacks an explorer. The entire crew is unaware of the impending nightmare set to descend upon them when the alien parasite planted inside its unfortunate host is birthed."
1726,Iron Man,23.9123,7.65,2008-04-30,https://image.tmdb.org/t/p/w500/78lPtwv72eTNqFW9COBYI0dWDJa.jpg,"After being held captive in an Afghan cave, billionaire engineer Tony Stark creates a unique weaponized suit of armor to fight evil."
1013601,The Alto Knights,16.0452,6.178,2025-03-14,https://image.tmdb.org/t/p/w500/95KmR0xNuZZ6DNESDwLKWGIBvMg.jpg,"Two of New York's most notorious organized crime bosses, Frank Costello and Vito Genovese, vie for control of the city's streets. Once the best of friends, petty jealousies and a series of betrayals place them on a deadly collision course that will reshape the Mafia (and America) forever."
1212855,Fight or Flight,28.9131,5.7,2025-04-03,https://image.tmdb.org/t/p/w500/x4nWnfgJvL045rcUCSJzfgIIY9i.jpg,A mercenary takes on the job of tracking down a target on a plane but must protect her when they're surrounded by people trying to kill both of them.
1217690,Homestead,45.7687,5.902,2024-12-19,https://image.tmdb.org/t/p/w500/fKts7WTTP7KWvI6N7WYIuEhmgXP.jpg,"A nuclear bomb is detonated in Los Angeles, and the nation devolves into unprecedented chaos. Ex-Green Beret Jeff Eriksson and his family escape to The Homestead, an eccentric prepper’s fortress nestled in the mountains. As violent threats and apocalyptic conditions creep toward their borders, the residents of The Homestead are left to wonder: how long can a group of people resist both the dangers of human nature and the bloodshed at their doorstep?"
1124620,The Monkey,137.3053,5.901,2025-02-14,https://image.tmdb.org/t/p/w500/yYa8Onk9ow7ukcnfp2QWVvjWYel.jpg,"When twin brothers find a mysterious wind-up monkey, a series of outrageous deaths tear their family apart. Twenty-five years later, the monkey begins a new killing spree forcing the estranged brothers to confront the cursed toy."
1217690,Homestead,45.7687,5.902,2024-12-19,https://image.tmdb.org/t/p/w500/fKts7WTTP7KWvI6N7WYIuEhmgXP.jpg,"A nuclear bomb is detonated in Los Angeles, and the nation devolves into unprecedented chaos. Ex-Green Beret Jeff Eriksson and his family escape to The Homestead, an eccentric prepper’s fortress nestled in the mountains. As violent threats and apocalyptic conditions creep toward their borders, the residents of The Homestead are left to wonder: how long can a group of people resist both the dangers of human nature and the bloodshed at their doorstep?"
1124620,The Monkey,137.3053,5.901,2025-02-14,https://image.tmdb.org/t/p/w500/yYa8Onk9ow7ukcnfp2QWVvjWYel.jpg,"When twin brothers find a mysterious wind-up monkey, a series of outrageous deaths tear their family apart. Twenty-five years later, the monkey begins a new killing spree forcing the estranged brothers to confront the cursed toy."
1087192,How to Train Your Dragon,18.8988,0.0,2025-06-06,https://image.tmdb.org/t/p/w500/q5pXRYTycaeW6dEgsCrd4mYPmxM.jpg,"On the rugged isle of Berk, where Vikings and dragons have been bitter enemies for generations, Hiccup stands apart, defying centuries of tradition when he befriends Toothless, a feared Night Fury dragon. Their unlikely bond reveals the true nature of dragons, challenging the very foundations of Viking society."
1197306,A Working Man,363.5091,6.505,2025-03-26,https://image.tmdb.org/t/p/w500/6FRFIogh3zFnVWn7Z6zcYnIbRcX.jpg,"Levon Cade left behind a decorated military career in the black ops to live a simple life working construction. But when his boss's daughter, who is like family to him, is taken by human traffickers, his search to bring her home uncovers a world of corruption far greater than he ever could have imagined."
1195506,Novocaine,85.9556,6.92,2025-03-12,https://image.tmdb.org/t/p/w500/xmMHGz9dVRaMY6rRAlEX4W0Wdhm.jpg,"When the girl of his dreams is kidnapped, everyman Nate turns his inability to feel pain into an unexpected strength in his fight to get her back."
1242686,Salvable,15.8898,7.1,2025-05-01,https://image.tmdb.org/t/p/w500/cAPIS05UGqsTwiu0Qjs0WlIUW1l.jpg,"When a battered boxer past his prime finds his dreams and his relationships on the ropes, he falls back in with a dangerous crowd and has to take the biggest swing of his life to reclaim his hope and his family."
25771,Pink Floyd: Live at Pompeii,5.3157,8.1,1972-10-25,https://image.tmdb.org/t/p/w500/bxjgbHH14nEMx3YtFDLJ04omQhH.jpg,"British progressive rock band Pink Floyd perform at the ancient Roman Amphitheater in the ruins of Pompeii, Italy in 1971. Although the band perform a typical live set from the era, there is no audience beyond the basic film crew."
1276073,Bullet Train Explosion,102.2618,6.894,2025-04-23,https://image.tmdb.org/t/p/w500/jmzxlDBwgvRbpPJzNQwizyn9UEn.jpg,"When panic erupts on a Tokyo-bound bullet train that will explode if it slows below 100 kph, authorities race against time to save everyone on board."
238,The Godfather,47.8916,8.687,1972-03-14,https://image.tmdb.org/t/p/w500/3bhkrj58Vtu7enYsRolD1fZdja1.jpg,"Spanning the years 1945 to 1955, a chronicle of the fictional Italian-American Corleone crime family. When organized crime family patriarch, Vito Corleone barely survives an attempt on his life, his youngest son, Michael steps in to take care of the would-be killers, launching a campaign of bloody revenge."
1232546,Until Dawn,48.9642,6.5,2025-04-23,https://image.tmdb.org/t/p/w500/6O9nkcmZBymDXtxOGJmulqcxJdv.jpg,"One year after her sister Melanie mysteriously disappeared, Clover and her friends head into the remote valley where she vanished in search of answers. Exploring an abandoned visitor center, they find themselves stalked by a masked killer and horrifically murdered one by one...only to wake up and find themselves back at the beginning of the same evening."
1371202,iHostage,19.9058,6.093,2025-04-18,https://image.tmdb.org/t/p/w500/tn3Ckxyc7OWXnhMPkiIBvqLdFC6.jpg,"When a gunman enters an Apple Store in the heart of Amsterdam, the police face a delicate challenge to resolve the standoff."
1247002,The Old Woman with the Knife,7.1354,0.0,2025-04-30,https://image.tmdb.org/t/p/w500/wbmxnsv41vsg5UEaNDlf203dOWw.jpg,"Hornclaw, a legendary assassin in her 60s, specialises in eliminating the scum of the earth. She has learned to accept loss but finds new meaning in her mundane yet bloody life when she meets Bullfight, a promising young killer who wants to work with her."
1225572,Screamboat,14.5311,5.194,2025-03-20,https://image.tmdb.org/t/p/w500/8YhlFxD6A5veyfdQKsp0mLr5CFR.jpg,A late-night boat ride turns into a desperate fight for survival in New York City when a mischievous mouse becomes a monstrous reality.
912649,Venom: The Last Dance,55.8331,6.756,2024-10-22,https://image.tmdb.org/t/p/w500/vGXptEdgZIhPg3cGlc7e8sNPC2e.jpg,"Eddie and Venom are on the run. Hunted by both of their worlds and with the net closing in, the duo are forced into a devastating decision that will bring the curtains down on Venom and Eddie's last dance."
27205,Inception,24.5138,8.368,2010-07-15,https://image.tmdb.org/t/p/w500/ljsZTbVsrQSqZgWeep2B1QiDKuh.jpg,"Cobb, a skilled thief who commits corporate espionage by infiltrating the subconscious of his targets is offered a chance to regain his old life as payment for a task considered to be impossible: ""inception"", the implantation of another person's idea into a target's subconscious."
706503,Lost Bullet,23.2282,6.6,2020-06-19,https://image.tmdb.org/t/p/w500/qnlChF8U4diiykXQYs1miigGy7t.jpg,"A small time delinquent, turned police mechanic for a go fast task force, is forced to defend his innocence when his mentor is killed by dirty cops."
324544,In the Lost Lands,186.644,6.332,2025-02-27,https://image.tmdb.org/t/p/w500/dDlfjR7gllmr8HTeN6rfrYhTdwX.jpg,"A queen sends the powerful and feared sorceress Gray Alys to the ghostly wilderness of the Lost Lands in search of a magical power, where she and her guide, the drifter Boyce, must outwit and outfight both man and demon."
823219,Flow,41.3645,8.2,2024-08-29,https://image.tmdb.org/t/p/w500/imKSymKBK7o73sajciEmndJoVkR.jpg,"A solitary cat, displaced by a great flood, finds refuge on a boat with various species and must navigate the challenges of adapting to a transformed world together."
1272149,Bridget Jones: Mad About the Boy,10.9121,6.6,2025-02-12,https://image.tmdb.org/t/p/w500/taEVBdVSqYo9YeN3ycw2SosklZL.jpg,"Bridget Jones navigates life as a widow and single mum with the help of her family, friends, and former lover, Daniel. Back to work and on the apps, she's pursued by a younger man and maybe – just maybe – her son's science teacher."
1212855,Fight or Flight,28.9131,5.7,2025-04-03,https://image.tmdb.org/t/p/w500/x4nWnfgJvL045rcUCSJzfgIIY9i.jpg,A mercenary takes on the job of tracking down a target on a plane but must protect her when they're surrounded by people trying to kill both of them.
977294,Tin Soldier,40.346,0.0,2025-05-22,https://image.tmdb.org/t/p/w500/lFFDrFLXywFhy6khHes1LCFVMsL.jpg,"An ex-special forces operative seeks revenge against a cult leader who has corrupted his former comrades, the Shinjas. This leader, known as The Bokushi, promises veterans a purpose and protection, but is revealed to be a destructive influence. The ex-soldier, Nash Cavanaugh, joins forces with military operative Emmanuel Ashburn to infiltrate the Bokushi's fortress and expose his reign of terror"
447273,Snow White,36.4351,4.5,2025-03-19,https://image.tmdb.org/t/p/w500/oLxWocqheC8XbXbxqJ3x422j9PW.jpg,"Following the benevolent King's disappearance, the Evil Queen dominated the once fair land with a cruel streak. Princess Snow White flees the castle when the Queen, in her jealousy over Snow White's inner beauty, tries to kill her. Deep into the dark woods, she stumbles upon seven magical dwarves and a young bandit named Jonathan. Together, they strive to survive the Queen's relentless pursuit and aspire to take back the kingdom."
128,Princess Mononoke,13.402,8.329,1997-07-12,https://image.tmdb.org/t/p/w500/cMYCDADoLKLbB83g4WnJegaZimC.jpg,"Ashitaka, a prince of the disappearing Emishi people, is cursed by a demonized boar god and must journey to the west to find a cure. Along the way, he encounters San, a young human woman fighting to protect the forest, and Lady Eboshi, who is trying to destroy it. Ashitaka must find a way to bring balance to this conflict."
1893,Star Wars: Episode I - The Phantom Menace,13.8661,6.558,1999-05-19,https://image.tmdb.org/t/p/w500/6wkfovpn7Eq8dYNKaG5PY3q2oq6.jpg,"Anakin Skywalker, a young slave strong with the Force, is discovered on Tatooine. Meanwhile, the evil Sith have returned, enacting their plot for revenge against the Jedi."
426063,Nosferatu,21.2493,6.7,2024-12-25,https://image.tmdb.org/t/p/w500/5qGIxdEO841C0tdY8vOdLoRVrr0.jpg,"A gothic tale of obsession between a haunted young woman and the terrifying vampire infatuated with her, causing untold horror in its wake."
157336,Interstellar,36.9297,8.455,2014-11-05,https://image.tmdb.org/t/p/w500/gEU2QniE6E77NI6lCU6MxlNBvIx.jpg,The adventures of a group of explorers who make use of a newly discovered wormhole to surpass the limitations on human space travel and conquer the vast distances involved in an interstellar voyage.
760497,The Match,45.5615,7.833,2025-03-26,https://image.tmdb.org/t/p/w500/8PmxsTT77KBlmT3OWyf3Q09yBOy.jpg,"When a legendary Go master loses his title to a one-time friend and protégé, he sets out to reclaim it in a high-stakes battle of wits and skill."
680,Pulp Fiction,17.7056,8.489,1994-09-10,https://image.tmdb.org/t/p/w500/vQWk5YBFWF4bZaofAbv0tShwBvQ.jpg,"A burger-loving hit man, his philosophical partner, a drug-addled gangster's moll and a washed-up boxer converge in this sprawling, comedic crime caper. Their adventures unfurl in three stories that ingeniously trip back and forth in time."
939243,Sonic the Hedgehog 3,76.1671,7.726,2024-12-19,https://image.tmdb.org/t/p/w500/d8Ryb8AunYAuycVKDp5HpdWPKgC.jpg,"Sonic, Knuckles, and Tails reunite against a powerful new adversary, Shadow, a mysterious villain with powers unlike anything they have faced before. With their abilities outmatched in every way, Team Sonic must seek out an unlikely alliance in hopes of stopping Shadow and protecting the planet."
1021679,The Rose of Versailles,12.9583,7.8,2025-01-31,https://image.tmdb.org/t/p/w500/vsidzuUbJPvYevMT48wfpvgqzHd.jpg,"In an age of revolution, Marie Antoinette and her protector Oscar François de Jarjayes face tough choices as women growing into their distinct roles."
1126166,Flight Risk,58.3519,6.1,2025-01-22,https://image.tmdb.org/t/p/w500/q0bCG4NX32iIEsRFZqRtuvzNCyZ.jpg,"A U.S. Marshal escorts a government witness to trial after he's accused of getting involved with a mob boss, only to discover that the pilot who is transporting them is also a hitman sent to assassinate the informant. After they subdue him, they're forced to fly together after discovering that there are others attempting to eliminate them."
1059073,Winter Spring Summer or Fall,47.2145,7.344,2024-12-27,https://image.tmdb.org/t/p/w500/mEPi5ISa5RmzpzeDfwkhX0CcNsf.jpg,"Remi and Barnes, two very different teenagers, meet by chance in the winter of their senior year, then spend four  days together over the course of a year that will change their lives forever."
1022789,Inside Out 2,44.5751,7.557,2024-06-11,https://image.tmdb.org/t/p/w500/vpnVM9B6NMmQpWeZvzLvDESb2QY.jpg,"Teenager Riley's mind headquarters is undergoing a sudden demolition to make room for something entirely unexpected: new Emotions! Joy, Sadness, Anger, Fear and Disgust, who’ve long been running a successful operation by all accounts, aren’t sure how to feel when Anxiety shows up. And it looks like she’s not alone."
1084199,Companion,36.453,7.1,2025-01-22,https://image.tmdb.org/t/p/w500/oCoTgC3UyWGfyQ9thE10ulWR7bn.jpg,"During a weekend getaway at a secluded lakeside estate, a group of friends finds themselves entangled in a web of secrets, deception, and advanced technology. As tensions rise and loyalties are tested, they uncover unsettling truths about themselves and the world around them."
1323784,Bad Influence,21.5892,6.769,2025-01-24,https://image.tmdb.org/t/p/w500/ghhooCOqQDqC6vhS1SVN2tCE0k8.jpg,An ex-con gets a fresh start when hired to protect a wealthy heiress from a stalker — but their chemistry is hard to resist as they grow closer.
155,The Dark Knight,27.4199,8.52,2008-07-16,https://image.tmdb.org/t/p/w500/qJ2tW6WMUDux911r6m7haRef0WH.jpg,"Batman raises the stakes in his war on crime. With the help of Lt. Jim Gordon and District Attorney Harvey Dent, Batman sets out to dismantle the remaining criminal organizations that plague the streets. The partnership proves to be effective, but they soon find themselves prey to a reign of chaos unleashed by a rising criminal mastermind known to the terrified citizens of Gotham as the Joker."
896536,The Legend of Ochi,11.2586,5.534,2025-04-18,https://image.tmdb.org/t/p/w500/duYeqDNcfiu3J22cx83xweEw1FN.jpg,"In a remote village on the island of Carpathia, a shy farm girl named Yuri is raised to fear an elusive animal species known as ochi. But when Yuri discovers a wounded baby ochi has been left behind, she escapes on a quest to bring him home."
616037,Thor: Love and Thunder,14.1672,6.4,2022-07-06,https://image.tmdb.org/t/p/w500/pIkRyD18kl4FhoCNQuWxWu5cBLM.jpg,"After his retirement is interrupted by Gorr the God Butcher, a galactic killer who seeks the extinction of the gods, Thor Odinson enlists the help of King Valkyrie, Korg, and ex-girlfriend Jane Foster, who now wields Mjolnir as the Mighty Thor. Together they embark upon a harrowing cosmic adventure to uncover the mystery of the God Butcher’s vengeance and stop him before it’s too late."
1086497,The Penguin Lessons,14.9708,7.125,2025-03-27,https://image.tmdb.org/t/p/w500/hZ7rDX01j86x8O1E7Pe7658QYs4.jpg,"In 1976, as Argentina descends into violence and chaos, a world-weary English teacher regains his compassion for others thanks to an unlikely friendship with a penguin."
19995,Avatar,23.4626,7.589,2009-12-15,https://image.tmdb.org/t/p/w500/kyeqWdyUXW608qlYkRqosgbbJyK.jpg,"In the 22nd century, a paraplegic Marine is dispatched to the moon Pandora on a unique mission, but becomes torn between following orders and protecting an alien civilization."
671,Harry Potter and the Philosopher's Stone,29.2786,7.902,2001-11-16,https://image.tmdb.org/t/p/w500/wuMc08IPKEatf9rnMNXvIDxqP4W.jpg,"Harry Potter has lived under the stairs at his aunt and uncle's house his whole life. But on his 11th birthday, he learns he's a powerful wizard—with a place waiting for him at the Hogwarts School of Witchcraft and Wizardry. As he learns to harness his newfound powers with the help of the school's kindly headmaster, Harry uncovers the truth about his parents' deaths—and about the villain who's to blame."
1138194,Heretic,20.3309,7.046,2024-10-31,https://image.tmdb.org/t/p/w500/fr96XzlzsONrQrGfdLMiwtQjott.jpg,"Two young missionaries are forced to prove their faith when they knock on the wrong door and are greeted by a diabolical Mr. Reed, becoming ensnared in his deadly game of cat-and-mouse."
98,Gladiator,26.827,8.219,2000-05-04,https://image.tmdb.org/t/p/w500/ty8TGRuvJLPUmAR1H1nRIsgwvim.jpg,"After the death of Emperor Marcus Aurelius, his devious son takes power and demotes Maximus, one of Rome's most capable generals who Marcus preferred. Eventually, Maximus is forced to become a gladiator and battle to the death against other men for the amusement of paying audiences."
603,The Matrix,34.6379,8.225,1999-03-31,https://image.tmdb.org/t/p/w500/dXNAPwY7VrqMAo51EKhhCJfaGb5.jpg,"Set in the 22nd century, The Matrix tells the story of a computer hacker who joins a group of underground insurgents fighting the vast and powerful computers who now rule the earth."
948276,Lost Bullet 2,19.067,6.6,2022-11-10,https://image.tmdb.org/t/p/w500/uAeZI1JJbLPq7Bu5dziH7emHeu7.jpg,"Having cleared his name, genius mechanic Lino has only one goal in mind: getting revenge on the corrupt cops who killed his brother and his mentor."
259693,The Conjuring 2,13.1093,7.3,2016-06-08,https://image.tmdb.org/t/p/w500/zEqyD0SBt6HL7W9JQoWwtd5Do1T.jpg,Lorraine and Ed Warren travel to north London to help a single mother raising four children alone in a house plagued by malicious spirits.
950396,The Gorge,62.6714,7.7,2025-02-13,https://image.tmdb.org/t/p/w500/7iMBZzVZtG0oBug4TfqDb9ZxAOa.jpg,"Two highly trained operatives grow close from a distance after being sent to guard opposite sides of a mysterious gorge. When an evil below emerges, they must work together to survive what lies within."
1241982,Moana 2,105.2321,7.078,2024-11-21,https://image.tmdb.org/t/p/w500/aLVkiINlIeCkcZIzb7XHzPYgO6L.jpg,"After receiving an unexpected call from her wayfinding ancestors, Moana journeys alongside Maui and a new crew to the far seas of Oceania and into dangerous, long-lost waters for an adventure unlike anything she's ever faced."
1114894,Star Trek: Section 31,12.9759,4.81,2025-01-15,https://image.tmdb.org/t/p/w500/sqiCinCzUGlzQiFytS30N1nO3Pt.jpg,Emperor Philippa Georgiou joins a secret division of Starfleet tasked with protecting the United Federation of Planets and faces the sins of her past.
640146,Ant-Man and the Wasp: Quantumania,9.8487,6.288,2023-02-15,https://image.tmdb.org/t/p/w500/qnqGbB22YJ7dSs4o6M7exTpNxPz.jpg,"Super-Hero partners Scott Lang and Hope van Dyne, along with with Hope's parents Janet van Dyne and Hank Pym, and Scott's daughter Cassie Lang, find themselves exploring the Quantum Realm, interacting with strange new creatures and embarking on an adventure that will push them beyond the limits of what they thought possible."
302946,The Accountant,96.7883,7.101,2016-10-03,https://image.tmdb.org/t/p/w500/fceheXB5fC4WrLVuWJ6OZv9FXYr.jpg,"As a math savant uncooks the books for a new client, the Treasury Department closes in on his activities and the body count starts to rise."
679,Aliens,11.4525,7.952,1986-07-18,https://image.tmdb.org/t/p/w500/r1x5JGpyqZU8PYhbs4UcrO1Xb6x.jpg,"Ripley, the sole survivor of the Nostromo's deadly encounter with the monstrous Alien, returns to Earth after drifting through space in hypersleep for 57 years. Although her story is initially met with skepticism, she agrees to accompany a team of Colonial Marines back to LV-426."
933260,The Substance,43.8228,7.145,2024-09-07,https://image.tmdb.org/t/p/w500/evdF1vmLzuzH8EFblqAXBXWRGSi.jpg,"A fading celebrity decides to use a black market drug, a cell-replicating substance that temporarily creates a younger, better version of herself."
757725,Shadow Force,8.1435,0.0,2025-05-01,https://image.tmdb.org/t/p/w500/uX6FaNE86a4Xnf1mFFEryvjqB1D.jpg,"Kyrah and Isaac were once the leaders of a multinational special forces group called Shadow Force. They broke the rules by falling in love, and in order to protect their son, they go underground. With a large bounty on their heads, and the vengeful Shadow Force hot on their trail, one family's fight becomes all-out war."
49026,The Dark Knight Rises,12.5458,7.785,2012-07-17,https://image.tmdb.org/t/p/w500/hr0L2aueqlP2BYUblTTjmtn0hw4.jpg,"Following the death of District Attorney Harvey Dent, Batman assumes responsibility for Dent's crimes to protect the late attorney's reputation and is subsequently hunted by the Gotham City Police Department. Eight years later, Batman encounters the mysterious Selina Kyle and the villainous Bane, a new terrorist leader who overwhelms Gotham's finest. The Dark Knight resurfaces to protect a city that has branded him an enemy."
324544,In the Lost Lands,186.644,6.332,2025-02-27,https://image.tmdb.org/t/p/w500/dDlfjR7gllmr8HTeN6rfrYhTdwX.jpg,"A queen sends the powerful and feared sorceress Gray Alys to the ghostly wilderness of the Lost Lands in search of a magical power, where she and her guide, the drifter Boyce, must outwit and outfight both man and demon."
438631,Dune,23.6079,7.783,2021-09-15,https://image.tmdb.org/t/p/w500/d5NXSklXo0qyIYkgV94XAgMIckC.jpg,"Paul Atreides, a brilliant and gifted young man born into a great destiny beyond his understanding, must travel to the most dangerous planet in the universe to ensure the future of his family and his people. As malevolent forces explode into conflict over the planet's exclusive supply of the most precious resource in existence-a commodity capable of unlocking humanity's greatest potential-only those who can conquer their fear will survive."
1038392,The Conjuring: Last Rites,23.0504,0.0,2025-09-04,https://image.tmdb.org/t/p/w500/vufNNzDaMZMTBkzSDDV2PmLURjW.jpg,The next chapter in the story of Ed and Lorraine Warren.
524434,Eternals,12.0857,6.8,2021-11-03,https://image.tmdb.org/t/p/w500/lFByFSLV5WDJEv3KabbdAF959F2.jpg,"The Eternals are a team of ancient aliens who have been living on Earth in secret for thousands of years. When an unexpected tragedy forces them out of the shadows, they are forced to reunite against mankind’s most ancient enemy, the Deviants."
1234821,Jurassic World Rebirth,16.6394,0.0,2025-07-01,https://image.tmdb.org/t/p/w500/3wCFTfLYxYtq5QIbQolkq7GJGxZ.jpg,"Five years after the events of Jurassic World Dominion, covert operations expert Zora Bennett is contracted to lead a skilled team on a top-secret mission to secure genetic material from the world's three most massive dinosaurs. When Zora's operation intersects with a civilian family whose boating expedition was capsized, they all find themselves stranded on an island where they come face-to-face with a sinister, shocking discovery that's been hidden from the world for decades."
